Workbook

Sheet Feuil1
A1: matricule | B1: ordre | C1: nom | D1: prenom | E1: date_nais | F1: sexe | G1: etat_civil | H1: type_piece | I1: num_piece | J1: adresse | K1: ville | L1: code_postal | M1: gsm | N1: email | O1: rib
A2: 100 | B2: 0 | C2: =IF(B2=0,VLOOKUP(A2,Feuil2!$A$2:$M$1241,2,FALSE)," ") -> JARRAR | D2: =IF(B2=0,VLOOKUP(A2,Feuil2!$A$2:$M$1241,3,FALSE)," ") -> JALEL BEN ALI | E2: =IF(B2=0,VLOOKUP(A2,Feuil2!$A$2:$M$1241,6,FALSE)," ") -> 23125 | F2: =IF(B2=0,VLOOKUP(A2,Feuil2!$A$2:$M$1241,12,FALSE)," ") -> H | G2: =IF(B2=0,VLOOKUP(A2,Feuil2!$A$2:$M$1241,11,FALSE)," ") -> M | H2: C | I2: =IF(B2=0,VLOOKUP(A2,Feuil2!$A$2:$M$1241,7,FALSE)," ") -> 2961061 | J2: =IF(B2=0,VLOOKUP(A2,Feuil2!$A$2:$M$1241,9,FALSE)," ") -> 55 Route de Sfax | K2: =IF(B2=0,VLOOKUP(A2,Feuil2!$A$2:$M$1241,10,FALSE)," ") -> Msaken 4070 | L2: 4070 | M2: 98793700 | O2: =IF(B2=0,VLOOKUP(A2,Feuil2!$A$2:$M$1241,13,FALSE)," ") -> 11020002050700878842
A3: 100 | B3: 1 | C3: MLAYEH | D3: THOURAYA | E3: 26310 | F3: F | G3: M | H3: C | I3: =IF(B3=0,VLOOKUP(A3,Feuil2!$A$2:$M$1241,7,FALSE)," ") | J3: =IF(B3=0,VLOOKUP(A3,Feuil2!$A$2:$M$1241,9,FALSE)," ") | K3: =IF(B3=0,VLOOKUP(A3,Feuil2!$A$2:$M$1241,10,FALSE)," ") | O3: =IF(B3=0,VLOOKUP(A3,Feuil2!$A$2:$M$1241,13,FALSE)," ")
A4: 100 | B4: 2 | C4: JARRAR | D4: FOUED | E4: 35702 | F4: H | G4: =IF(B4=0,VLOOKUP(A4,Feuil2!$A$2:$M$1241,11,FALSE)," ") | H4: C | I4: =IF(B4=0,VLOOKUP(A4,Feuil2!$A$2:$M$1241,7,FALSE)," ") | J4: =IF(B4=0,VLOOKUP(A4,Feuil2!$A$2:$M$1241,9,FALSE)," ") | K4: =IF(B4=0,VLOOKUP(A4,Feuil2!$A$2:$M$1241,10,FALSE)," ") | O4: =IF(B4=0,VLOOKUP(A4,Feuil2!$A$2:$M$1241,13,FALSE)," ")
A5: 100 | B5: 3 | C5: JARRAR | D5: FATEN | E5: 36388 | F5: F | G5: =IF(B5=0,VLOOKUP(A5,Feuil2!$A$2:$M$1241,11,FALSE)," ") | H5: C | I5: =IF(B5=0,VLOOKUP(A5,Feuil2!$A$2:$M$1241,7,FALSE)," ") | J5: =IF(B5=0,VLOOKUP(A5,Feuil2!$A$2:$M$1241,9,FALSE)," ") | K5: =IF(B5=0,VLOOKUP(A5,Feuil2!$A$2:$M$1241,10,FALSE)," ") | O5: =IF(B5=0,VLOOKUP(A5,Feuil2!$A$2:$M$1241,13,FALSE)," ")
A6: 100 | B6: 4 | C6: JARRAR | D6: IBRAHIM | E6: 38394 | F6: H | G6: =IF(B6=0,VLOOKUP(A6,Feuil2!$A$2:$M$1241,11,FALSE)," ") | H6: C | I6: =IF(B6=0,VLOOKUP(A6,Feuil2!$A$2:$M$1241,7,FALSE)," ") | J6: =IF(B6=0,VLOOKUP(A6,Feuil2!$A$2:$M$1241,9,FALSE)," ") | K6: =IF(B6=0,VLOOKUP(A6,Feuil2!$A$2:$M$1241,10,FALSE)," ") | O6: =IF(B6=0,VLOOKUP(A6,Feuil2!$A$2:$M$1241,13,FALSE)," ")
A7: 100 | B7: 5 | C7: JARRAR | D7: SOUFIEN | E7: 38909 | F7: H | G7: =IF(B7=0,VLOOKUP(A7,Feuil2!$A$2:$M$1241,11,FALSE)," ") | H7: C | I7: =IF(B7=0,VLOOKUP(A7,Feuil2!$A$2:$M$1241,7,FALSE)," ") | J7: =IF(B7=0,VLOOKUP(A7,Feuil2!$A$2:$M$1241,9,FALSE)," ") | K7: =IF(B7=0,VLOOKUP(A7,Feuil2!$A$2:$M$1241,10,FALSE)," ") | O7: =IF(B7=0,VLOOKUP(A7,Feuil2!$A$2:$M$1241,13,FALSE)," ")
A8: 134 | B8: 0 | C8: =IF(B8=0,VLOOKUP(A8,Feuil2!$A$2:$M$1241,2,FALSE)," ") -> JARRAR | D8: =IF(B8=0,VLOOKUP(A8,Feuil2!$A$2:$M$1241,3,FALSE)," ") -> JALEL | E8: =IF(B8=0,VLOOKUP(A8,Feuil2!$A$2:$M$1241,6,FALSE)," ") -> 22389 | F8: =IF(B8=0,VLOOKUP(A8,Feuil2!$A$2:$M$1241,12,FALSE)," ") -> H | G8: V | H8: C | I8: =IF(B8=0,VLOOKUP(A8,Feuil2!$A$2:$M$1241,7,FALSE)," ") -> 2844703 | J8: =IF(B8=0,VLOOKUP(A8,Feuil2!$A$2:$M$1241,9,FALSE)," ") -> 52, Rue HÃ©di Khefacha CitÃ© Erriadh | K8: =IF(B8=0,VLOOKUP(A8,Feuil2!$A$2:$M$1241,10,FALSE)," ") -> Sousse | M8: 98793545 | O8: 08507000262000577307
A9: 134 | B9: 1 | C9: JARRAR | D9: ZIED | E9: 34599 | F9: H | G9: =IF(B9=0,VLOOKUP(A9,Feuil2!$A$2:$M$1241,11,FALSE)," ") | H9: C | I9: =IF(B9=0,VLOOKUP(A9,Feuil2!$A$2:$M$1241,7,FALSE)," ") | J9: =IF(B9=0,VLOOKUP(A9,Feuil2!$A$2:$M$1241,9,FALSE)," ") | K9: =IF(B9=0,VLOOKUP(A9,Feuil2!$A$2:$M$1241,10,FALSE)," ")
A10: 185 | B10: 0 | C10: =IF(B10=0,VLOOKUP(A10,Feuil2!$A$2:$M$1241,2,FALSE)," ") -> MAHJOUB NOUIR | D10: =IF(B10=0,VLOOKUP(A10,Feuil2!$A$2:$M$1241,3,FALSE)," ") -> MONCEF | E10: =IF(B10=0,VLOOKUP(A10,Feuil2!$A$2:$M$1241,6,FALSE)," ") -> 23612 | F10: =IF(B10=0,VLOOKUP(A10,Feuil2!$A$2:$M$1241,12,FALSE)," ") -> H | G10: =IF(B10=0,VLOOKUP(A10,Feuil2!$A$2:$M$1241,11,FALSE)," ") -> M | H10: C | I10: =IF(B10=0,VLOOKUP(A10,Feuil2!$A$2:$M$1241,7,FALSE)," ") -> 2959720 | J10: =IF(B10=0,VLOOKUP(A10,Feuil2!$A$2:$M$1241,9,FALSE)," ") -> 37 rue Ibn Rochd | K10: =IF(B10=0,VLOOKUP(A10,Feuil2!$A$2:$M$1241,10,FALSE)," ") -> Msaken 4070 | L10: 4070 | M10: 26836854 | O10: =IF(B10=0,VLOOKUP(A10,Feuil2!$A$2:$M$1241,13,FALSE)," ") -> 03508056010100247580
A11: 185 | B11: 1 | C11: ABBASS | D11: RADHIA | E11: 26829 | F11: F | G11: M | H11: C | I11: =IF(B11=0,VLOOKUP(A11,Feuil2!$A$2:$M$1241,7,FALSE)," ") | J11: =IF(B11=0,VLOOKUP(A11,Feuil2!$A$2:$M$1241,9,FALSE)," ") | K11: =IF(B11=0,VLOOKUP(A11,Feuil2!$A$2:$M$1241,10,FALSE)," ") | O11: =IF(B11=0,VLOOKUP(A11,Feuil2!$A$2:$M$1241,13,FALSE)," ")
A12: 185 | B12: 2 | C12: MAHJOUB NOUIR | D12: AYOUB | E12: 37775 | F12: H | G12: =IF(B12=0,VLOOKUP(A12,Feuil2!$A$2:$M$1241,11,FALSE)," ") | H12: C | I12: =IF(B12=0,VLOOKUP(A12,Feuil2!$A$2:$M$1241,7,FALSE)," ") | J12: =IF(B12=0,VLOOKUP(A12,Feuil2!$A$2:$M$1241,9,FALSE)," ") | K12: =IF(B12=0,VLOOKUP(A12,Feuil2!$A$2:$M$1241,10,FALSE)," ") | O12: =IF(B12=0,VLOOKUP(A12,Feuil2!$A$2:$M$1241,13,FALSE)," ")
A13: 212 | B13: 0 | C13: =IF(B13=0,VLOOKUP(A13,Feuil2!$A$2:$M$1241,2,FALSE)," ") -> BOUHLEL | D13: =IF(B13=0,VLOOKUP(A13,Feuil2!$A$2:$M$1241,3,FALSE)," ") -> BECHIR | E13: =IF(B13=0,VLOOKUP(A13,Feuil2!$A$2:$M$1241,6,FALSE)," ") -> 23594 | F13: =IF(B13=0,VLOOKUP(A13,Feuil2!$A$2:$M$1241,12,FALSE)," ") -> H | G13: =IF(B13=0,VLOOKUP(A13,Feuil2!$A$2:$M$1241,11,FALSE)," ") -> M | H13: C | I13: =IF(B13=0,VLOOKUP(A13,Feuil2!$A$2:$M$1241,7,FALSE)," ") -> 2954309 | J13: =IF(B13=0,VLOOKUP(A13,Feuil2!$A$2:$M$1241,9,FALSE)," ") -> Rue de Iran | K13: =IF(B13=0,VLOOKUP(A13,Feuil2!$A$2:$M$1241,10,FALSE)," ") -> Msaken 4070 | L13: 4070 | M13: 98793620 | O13: =IF(B13=0,VLOOKUP(A13,Feuil2!$A$2:$M$1241,13,FALSE)," ") -> 08507000262001609096
A14: 212 | B14: 1 | C14: GUEZGUEZ | D14: SAMIA | E14: 26636 | F14: F | G14: M | H14: C | I14: =IF(B14=0,VLOOKUP(A14,Feuil2!$A$2:$M$1241,7,FALSE)," ") | J14: =IF(B14=0,VLOOKUP(A14,Feuil2!$A$2:$M$1241,9,FALSE)," ") | K14: =IF(B14=0,VLOOKUP(A14,Feuil2!$A$2:$M$1241,10,FALSE)," ") | O14: =IF(B14=0,VLOOKUP(A14,Feuil2!$A$2:$M$1241,13,FALSE)," ")
A15: 212 | B15: 2 | C15: BOUHLEL | D15: YOUSSEF | E15: 40328 | F15: F | G15: =IF(B15=0,VLOOKUP(A15,Feuil2!$A$2:$M$1241,11,FALSE)," ") | H15: C | I15: =IF(B15=0,VLOOKUP(A15,Feuil2!$A$2:$M$1241,7,FALSE)," ") | J15: =IF(B15=0,VLOOKUP(A15,Feuil2!$A$2:$M$1241,9,FALSE)," ") | K15: =IF(B15=0,VLOOKUP(A15,Feuil2!$A$2:$M$1241,10,FALSE)," ") | O15: =IF(B15=0,VLOOKUP(A15,Feuil2!$A$2:$M$1241,13,FALSE)," ")
A16: 225 | B16: 0 | C16: =IF(B16=0,VLOOKUP(A16,Feuil2!$A$2:$M$1241,2,FALSE)," ") -> LAYOUNI | D16: =IF(B16=0,VLOOKUP(A16,Feuil2!$A$2:$M$1241,3,FALSE)," ") -> ABDELKARIM | E16: =IF(B16=0,VLOOKUP(A16,Feuil2!$A$2:$M$1241,6,FALSE)," ") -> 24122 | F16: =IF(B16=0,VLOOKUP(A16,Feuil2!$A$2:$M$1241,12,FALSE)," ") -> H | G16: =IF(B16=0,VLOOKUP(A16,Feuil2!$A$2:$M$1241,11,FALSE)," ") -> M | H16: C | I16: =IF(B16=0,VLOOKUP(A16,Feuil2!$A$2:$M$1241,7,FALSE)," ") -> 2966905 | J16: =IF(B16=0,VLOOKUP(A16,Feuil2!$A$2:$M$1241,9,FALSE)," ") -> 86 R 1er juin 1955 | K16: =IF(B16=0,VLOOKUP(A16,Feuil2!$A$2:$M$1241,10,FALSE)," ") -> Msaken 4070 | L16: 4070 | M16: 98793641 | O16: =IF(B16=0,VLOOKUP(A16,Feuil2!$A$2:$M$1241,13,FALSE)," ") -> 12505000000214557279
A17: 225 | B17: 1 | C17: FATHALLAH | D17: BASMA | E17: 25586 | F17: F | G17: M | H17: C | I17: =IF(B17=0,VLOOKUP(A17,Feuil2!$A$2:$M$1241,7,FALSE)," ") | J17: =IF(B17=0,VLOOKUP(A17,Feuil2!$A$2:$M$1241,9,FALSE)," ") | K17: =IF(B17=0,VLOOKUP(A17,Feuil2!$A$2:$M$1241,10,FALSE)," ") | O17: =IF(B17=0,VLOOKUP(A17,Feuil2!$A$2:$M$1241,13,FALSE)," ")
A18: 225 | B18: 2 | C18: LAYOUNI | D18: MARIEM | E18: 34440 | F18: F | G18: =IF(B18=0,VLOOKUP(A18,Feuil2!$A$2:$M$1241,11,FALSE)," ") | H18: C | I18: =IF(B18=0,VLOOKUP(A18,Feuil2!$A$2:$M$1241,7,FALSE)," ") | J18: =IF(B18=0,VLOOKUP(A18,Feuil2!$A$2:$M$1241,9,FALSE)," ") | K18: =IF(B18=0,VLOOKUP(A18,Feuil2!$A$2:$M$1241,10,FALSE)," ") | O18: =IF(B18=0,VLOOKUP(A18,Feuil2!$A$2:$M$1241,13,FALSE)," ")
A19: 225 | B19: 3 | C19: LAYOUNI | D19: ZAINEB | E19: 36496 | F19: F | G19: =IF(B19=0,VLOOKUP(A19,Feuil2!$A$2:$M$1241,11,FALSE)," ") | H19: C | I19: =IF(B19=0,VLOOKUP(A19,Feuil2!$A$2:$M$1241,7,FALSE)," ") | J19: =IF(B19=0,VLOOKUP(A19,Feuil2!$A$2:$M$1241,9,FALSE)," ") | K19: =IF(B19=0,VLOOKUP(A19,Feuil2!$A$2:$M$1241,10,FALSE)," ") | O19: =IF(B19=0,VLOOKUP(A19,Feuil2!$A$2:$M$1241,13,FALSE)," ")
A20: 280 | B20: 0 | C20: =IF(B20=0,VLOOKUP(A20,Feuil2!$A$2:$M$1241,2,FALSE)," ") -> LAYOUNI | D20: =IF(B20=0,VLOOKUP(A20,Feuil2!$A$2:$M$1241,3,FALSE)," ") -> GHAZI | E20: =IF(B20=0,VLOOKUP(A20,Feuil2!$A$2:$M$1241,6,FALSE)," ") -> 24181 | F20: =IF(B20=0,VLOOKUP(A20,Feuil2!$A$2:$M$1241,12,FALSE)," ") -> H | G20: =IF(B20=0,VLOOKUP(A20,Feuil2!$A$2:$M$1241,11,FALSE)," ") -> M | H20: C | I20: =IF(B20=0,VLOOKUP(A20,Feuil2!$A$2:$M$1241,7,FALSE)," ") -> 3370974 | J20: =IF(B20=0,VLOOKUP(A20,Feuil2!$A$2:$M$1241,9,FALSE)," ") -> Rue 1er juin 1955 | K20: =IF(B20=0,VLOOKUP(A20,Feuil2!$A$2:$M$1241,10,FALSE)," ") -> Msaken 4070 | L20: 4070 | M20: 98257075 | O20: =IF(B20=0,VLOOKUP(A20,Feuil2!$A$2:$M$1241,13,FALSE)," ") -> 20009090001145941227
A21: 280 | B21: 1 | C21: BEN TAKIA | D21: MANAL | E21: 29790 | F21: F | G21: M | H21: C | I21: =IF(B21=0,VLOOKUP(A21,Feuil2!$A$2:$M$1241,7,FALSE)," ") | J21: =IF(B21=0,VLOOKUP(A21,Feuil2!$A$2:$M$1241,9,FALSE)," ") | K21: =IF(B21=0,VLOOKUP(A21,Feuil2!$A$2:$M$1241,10,FALSE)," ") | O21: =IF(B21=0,VLOOKUP(A21,Feuil2!$A$2:$M$1241,13,FALSE)," ") | P21: PARTANT
A22: 280 | B22: 2 | C22: LAYOUNI | D22: SOFIENE | E22: 39776 | F22: H | G22: =IF(B22=0,VLOOKUP(A22,Feuil2!$A$2:$M$1241,11,FALSE)," ") | H22: C | I22: =IF(B22=0,VLOOKUP(A22,Feuil2!$A$2:$M$1241,7,FALSE)," ") | J22: =IF(B22=0,VLOOKUP(A22,Feuil2!$A$2:$M$1241,9,FALSE)," ") | K22: =IF(B22=0,VLOOKUP(A22,Feuil2!$A$2:$M$1241,10,FALSE)," ") | O22: =IF(B22=0,VLOOKUP(A22,Feuil2!$A$2:$M$1241,13,FALSE)," ")
A23: 280 | B23: 3 | C23: LAYOUNI | D23: MAYSSA | E23: 41199 | F23: F | G23: =IF(B23=0,VLOOKUP(A23,Feuil2!$A$2:$M$1241,11,FALSE)," ") | H23: C | I23: =IF(B23=0,VLOOKUP(A23,Feuil2!$A$2:$M$1241,7,FALSE)," ") | J23: =IF(B23=0,VLOOKUP(A23,Feuil2!$A$2:$M$1241,9,FALSE)," ") | K23: =IF(B23=0,VLOOKUP(A23,Feuil2!$A$2:$M$1241,10,FALSE)," ") | O23: =IF(B23=0,VLOOKUP(A23,Feuil2!$A$2:$M$1241,13,FALSE)," ")
A24: 344 | B24: 0 | C24: =IF(B24=0,VLOOKUP(A24,Feuil2!$A$2:$M$1241,2,FALSE)," ") -> TERZAG EL BHIRI | D24: =IF(B24=0,VLOOKUP(A24,Feuil2!$A$2:$M$1241,3,FALSE)," ") -> CHEDLY | E24: =IF(B24=0,VLOOKUP(A24,Feuil2!$A$2:$M$1241,6,FALSE)," ") -> 23694 | F24: =IF(B24=0,VLOOKUP(A24,Feuil2!$A$2:$M$1241,12,FALSE)," ") -> H | G24: =IF(B24=0,VLOOKUP(A24,Feuil2!$A$2:$M$1241,11,FALSE)," ") -> M | H24: C | I24: =IF(B24=0,VLOOKUP(A24,Feuil2!$A$2:$M$1241,7,FALSE)," ") -> 2952362 | J24: =IF(B24=0,VLOOKUP(A24,Feuil2!$A$2:$M$1241,9,FALSE)," ") -> 68 Rue Essomaa | K24: =IF(B24=0,VLOOKUP(A24,Feuil2!$A$2:$M$1241,10,FALSE)," ") -> Msaken 4070 | L24: 4070 | M24: 98793754 | O24: 12505000582700754647
A25: 344 | B25: 1 | C25: BHIRI | D25: AMEL | E25: 27213 | F25: F | G25: M | H25: C | I25: =IF(B25=0,VLOOKUP(A25,Feuil2!$A$2:$M$1241,7,FALSE)," ") | J25: =IF(B25=0,VLOOKUP(A25,Feuil2!$A$2:$M$1241,9,FALSE)," ") | K25: =IF(B25=0,VLOOKUP(A25,Feuil2!$A$2:$M$1241,10,FALSE)," ") | O25: =IF(B25=0,VLOOKUP(A25,Feuil2!$A$2:$M$1241,13,FALSE)," ")
A26: 344 | B26: 2 | C26: TERZAG EL BHIRI | D26: YASSINE | E26: 36333 | F26: H | G26: =IF(B26=0,VLOOKUP(A26,Feuil2!$A$2:$M$1241,11,FALSE)," ") | H26: C | I26: =IF(B26=0,VLOOKUP(A26,Feuil2!$A$2:$M$1241,7,FALSE)," ") | J26: =IF(B26=0,VLOOKUP(A26,Feuil2!$A$2:$M$1241,9,FALSE)," ") | K26: =IF(B26=0,VLOOKUP(A26,Feuil2!$A$2:$M$1241,10,FALSE)," ") | O26: =IF(B26=0,VLOOKUP(A26,Feuil2!$A$2:$M$1241,13,FALSE)," ")
A27: 344 | B27: 3 | C27: TERZAG EL BHIRI | D27: FREDJ | E27: 42349 | F27: H | G27: =IF(B27=0,VLOOKUP(A27,Feuil2!$A$2:$M$1241,11,FALSE)," ") | H27: C | I27: =IF(B27=0,VLOOKUP(A27,Feuil2!$A$2:$M$1241,7,FALSE)," ") | J27: =IF(B27=0,VLOOKUP(A27,Feuil2!$A$2:$M$1241,9,FALSE)," ") | K27: =IF(B27=0,VLOOKUP(A27,Feuil2!$A$2:$M$1241,10,FALSE)," ") | O27: =IF(B27=0,VLOOKUP(A27,Feuil2!$A$2:$M$1241,13,FALSE)," ")
A28: 368 | B28: 0 | C28: =IF(B28=0,VLOOKUP(A28,Feuil2!$A$2:$M$1241,2,FALSE)," ") -> AJROUD | D28: =IF(B28=0,VLOOKUP(A28,Feuil2!$A$2:$M$1241,3,FALSE)," ") -> RIDHA | E28: =IF(B28=0,VLOOKUP(A28,Feuil2!$A$2:$M$1241,6,FALSE)," ") -> 23531 | F28: =IF(B28=0,VLOOKUP(A28,Feuil2!$A$2:$M$1241,12,FALSE)," ") -> H | G28: =IF(B28=0,VLOOKUP(A28,Feuil2!$A$2:$M$1241,11,FALSE)," ") -> M | H28: C | I28: =IF(B28=0,VLOOKUP(A28,Feuil2!$A$2:$M$1241,7,FALSE)," ") -> 2952022 | J28: =IF(B28=0,VLOOKUP(A28,Feuil2!$A$2:$M$1241,9,FALSE)," ") -> 53 Rue de Bizert | K28: =IF(B28=0,VLOOKUP(A28,Feuil2!$A$2:$M$1241,10,FALSE)," ") -> Msaken 4070 | L28: 4070 | M28: 96327094 | O28: =IF(B28=0,VLOOKUP(A28,Feuil2!$A$2:$M$1241,13,FALSE)," ") -> 10506040203075578841
A29: 368 | B29: 1 | C29: BEN SALEM | D29: SONIA | E29: 28084 | F29: F | G29: M | H29: C | I29: =IF(B29=0,VLOOKUP(A29,Feuil2!$A$2:$M$1241,7,FALSE)," ") | J29: =IF(B29=0,VLOOKUP(A29,Feuil2!$A$2:$M$1241,9,FALSE)," ") | K29: =IF(B29=0,VLOOKUP(A29,Feuil2!$A$2:$M$1241,10,FALSE)," ") | O29: =IF(B29=0,VLOOKUP(A29,Feuil2!$A$2:$M$1241,13,FALSE)," ")
A30: 368 | B30: 2 | C30: AJROUD | D30: RIHAM | E30: 35694 | F30: F | G30: =IF(B30=0,VLOOKUP(A30,Feuil2!$A$2:$M$1241,11,FALSE)," ") | H30: C | I30: =IF(B30=0,VLOOKUP(A30,Feuil2!$A$2:$M$1241,7,FALSE)," ") | J30: =IF(B30=0,VLOOKUP(A30,Feuil2!$A$2:$M$1241,9,FALSE)," ") | K30: =IF(B30=0,VLOOKUP(A30,Feuil2!$A$2:$M$1241,10,FALSE)," ") | O30: =IF(B30=0,VLOOKUP(A30,Feuil2!$A$2:$M$1241,13,FALSE)," ")
A31: 368 | B31: 3 | C31: AJROUD | D31: AHMED | E31: 37819 | F31: H | G31: =IF(B31=0,VLOOKUP(A31,Feuil2!$A$2:$M$1241,11,FALSE)," ") | H31: C | I31: =IF(B31=0,VLOOKUP(A31,Feuil2!$A$2:$M$1241,7,FALSE)," ") | J31: =IF(B31=0,VLOOKUP(A31,Feuil2!$A$2:$M$1241,9,FALSE)," ") | K31: =IF(B31=0,VLOOKUP(A31,Feuil2!$A$2:$M$1241,10,FALSE)," ") | O31: =IF(B31=0,VLOOKUP(A31,Feuil2!$A$2:$M$1241,13,FALSE)," ")
A32: 368 | B32: 4 | C32: AJROUD | D32: SALMA | E32: 40271 | F32: F | G32: =IF(B32=0,VLOOKUP(A32,Feuil2!$A$2:$M$1241,11,FALSE)," ") | H32: C | I32: =IF(B32=0,VLOOKUP(A32,Feuil2!$A$2:$M$1241,7,FALSE)," ") | J32: =IF(B32=0,VLOOKUP(A32,Feuil2!$A$2:$M$1241,9,FALSE)," ") | K32: =IF(B32=0,VLOOKUP(A32,Feuil2!$A$2:$M$1241,10,FALSE)," ") | O32: =IF(B32=0,VLOOKUP(A32,Feuil2!$A$2:$M$1241,13,FALSE)," ")
A33: 369 | B33: 0 | C33: =IF(B33=0,VLOOKUP(A33,Feuil2!$A$2:$M$1241,2,FALSE)," ") -> KECHICHE | D33: =IF(B33=0,VLOOKUP(A33,Feuil2!$A$2:$M$1241,3,FALSE)," ") -> BECHIR | E33: =IF(B33=0,VLOOKUP(A33,Feuil2!$A$2:$M$1241,6,FALSE)," ") -> 23172 | F33: =IF(B33=0,VLOOKUP(A33,Feuil2!$A$2:$M$1241,12,FALSE)," ") -> H | G33: =IF(B33=0,VLOOKUP(A33,Feuil2!$A$2:$M$1241,11,FALSE)," ") -> M | H33: C | I33: =IF(B33=0,VLOOKUP(A33,Feuil2!$A$2:$M$1241,7,FALSE)," ") -> 2947387 | J33: =IF(B33=0,VLOOKUP(A33,Feuil2!$A$2:$M$1241,9,FALSE)," ") -> 233 Rue Habib Thameur | K33: =IF(B33=0,VLOOKUP(A33,Feuil2!$A$2:$M$1241,10,FALSE)," ") -> Msaken 4070 | L33: 4070 | M33: 95236558 | O33: =IF(B33=0,VLOOKUP(A33,Feuil2!$A$2:$M$1241,13,FALSE)," ") -> 03508056010100091895
A34: 369 | B34: 1 | C34: MOSBAH | D34: SAMIA | E34: 25610 | F34: F | G34: M | H34: C | I34: =IF(B34=0,VLOOKUP(A34,Feuil2!$A$2:$M$1241,7,FALSE)," ") | J34: =IF(B34=0,VLOOKUP(A34,Feuil2!$A$2:$M$1241,9,FALSE)," ") | K34: =IF(B34=0,VLOOKUP(A34,Feuil2!$A$2:$M$1241,10,FALSE)," ") | O34: =IF(B34=0,VLOOKUP(A34,Feuil2!$A$2:$M$1241,13,FALSE)," ")
A35: 369 | B35: 2 | C35: KECHICHE | D35: SAIF | E35: 34933 | F35: H | G35: =IF(B35=0,VLOOKUP(A35,Feuil2!$A$2:$M$1241,11,FALSE)," ") | H35: C | I35: =IF(B35=0,VLOOKUP(A35,Feuil2!$A$2:$M$1241,7,FALSE)," ") | J35: =IF(B35=0,VLOOKUP(A35,Feuil2!$A$2:$M$1241,9,FALSE)," ") | K35: =IF(B35=0,VLOOKUP(A35,Feuil2!$A$2:$M$1241,10,FALSE)," ") | O35: =IF(B35=0,VLOOKUP(A35,Feuil2!$A$2:$M$1241,13,FALSE)," ")
A36: 369 | B36: 3 | C36: KECHICHE | D36: FATEN | E36: 35301 | F36: F | G36: =IF(B36=0,VLOOKUP(A36,Feuil2!$A$2:$M$1241,11,FALSE)," ") | H36: C | I36: =IF(B36=0,VLOOKUP(A36,Feuil2!$A$2:$M$1241,7,FALSE)," ") | J36: =IF(B36=0,VLOOKUP(A36,Feuil2!$A$2:$M$1241,9,FALSE)," ") | K36: =IF(B36=0,VLOOKUP(A36,Feuil2!$A$2:$M$1241,10,FALSE)," ") | O36: =IF(B36=0,VLOOKUP(A36,Feuil2!$A$2:$M$1241,13,FALSE)," ")
A37: 369 | B37: 4 | C37: KECHICHE | D37: SONIA | E37: 38491 | F37: F | G37: =IF(B37=0,VLOOKUP(A37,Feuil2!$A$2:$M$1241,11,FALSE)," ") | H37: C | I37: =IF(B37=0,VLOOKUP(A37,Feuil2!$A$2:$M$1241,7,FALSE)," ") | J37: =IF(B37=0,VLOOKUP(A37,Feuil2!$A$2:$M$1241,9,FALSE)," ") | K37: =IF(B37=0,VLOOKUP(A37,Feuil2!$A$2:$M$1241,10,FALSE)," ") | O37: =IF(B37=0,VLOOKUP(A37,Feuil2!$A$2:$M$1241,13,FALSE)," ")
A38: 369 | B38: 5 | C38: KECHICHE | D38: YOUSSEF | E38: 40383 | F38: H | G38: =IF(B38=0,VLOOKUP(A38,Feuil2!$A$2:$M$1241,11,FALSE)," ") | H38: C | I38: =IF(B38=0,VLOOKUP(A38,Feuil2!$A$2:$M$1241,7,FALSE)," ") | J38: =IF(B38=0,VLOOKUP(A38,Feuil2!$A$2:$M$1241,9,FALSE)," ") | K38: =IF(B38=0,VLOOKUP(A38,Feuil2!$A$2:$M$1241,10,FALSE)," ") | O38: =IF(B38=0,VLOOKUP(A38,Feuil2!$A$2:$M$1241,13,FALSE)," ")
A39: 382 | B39: 0 | C39: =IF(B39=0,VLOOKUP(A39,Feuil2!$A$2:$M$1241,2,FALSE)," ") -> HAMILA | D39: =IF(B39=0,VLOOKUP(A39,Feuil2!$A$2:$M$1241,3,FALSE)," ") -> KHALED | E39: =IF(B39=0,VLOOKUP(A39,Feuil2!$A$2:$M$1241,6,FALSE)," ") -> 23821 | F39: =IF(B39=0,VLOOKUP(A39,Feuil2!$A$2:$M$1241,12,FALSE)," ") -> H | G39: =IF(B39=0,VLOOKUP(A39,Feuil2!$A$2:$M$1241,11,FALSE)," ") -> M | H39: C | I39: =IF(B39=0,VLOOKUP(A39,Feuil2!$A$2:$M$1241,7,FALSE)," ") -> 2969788 | J39: =IF(B39=0,VLOOKUP(A39,Feuil2!$A$2:$M$1241,9,FALSE)," ") -> 18 bis Rue Bilel Ben Ribeh | K39: =IF(B39=0,VLOOKUP(A39,Feuil2!$A$2:$M$1241,10,FALSE)," ") -> Msaken 4070 | L39: 4070 | M39: 98547800 | O39: =IF(B39=0,VLOOKUP(A39,Feuil2!$A$2:$M$1241,13,FALSE)," ") -> 03508056010100157952
A40: 382 | B40: 1 | C40: GHOUL BHIRI | D40: SONIA | E40: 27809 | F40: F | G40: M | H40: C | I40: =IF(B40=0,VLOOKUP(A40,Feuil2!$A$2:$M$1241,7,FALSE)," ") | J40: =IF(B40=0,VLOOKUP(A40,Feuil2!$A$2:$M$1241,9,FALSE)," ") | K40: =IF(B40=0,VLOOKUP(A40,Feuil2!$A$2:$M$1241,10,FALSE)," ") | O40: =IF(B40=0,VLOOKUP(A40,Feuil2!$A$2:$M$1241,13,FALSE)," ")
A41: 382 | B41: 2 | C41: HAMILA | D41: YOUSSEF | E41: 38330 | F41: H | G41: =IF(B41=0,VLOOKUP(A41,Feuil2!$A$2:$M$1241,11,FALSE)," ") | H41: C | I41: =IF(B41=0,VLOOKUP(A41,Feuil2!$A$2:$M$1241,7,FALSE)," ") | J41: =IF(B41=0,VLOOKUP(A41,Feuil2!$A$2:$M$1241,9,FALSE)," ") | K41: =IF(B41=0,VLOOKUP(A41,Feuil2!$A$2:$M$1241,10,FALSE)," ") | O41: =IF(B41=0,VLOOKUP(A41,Feuil2!$A$2:$M$1241,13,FALSE)," ")
A42: 382 | B42: 3 | C42: HAMILA | D42: FATMA EZZAHRA | E42: 41600 | F42: F | G42: =IF(B42=0,VLOOKUP(A42,Feuil2!$A$2:$M$1241,11,FALSE)," ") | H42: C | I42: =IF(B42=0,VLOOKUP(A42,Feuil2!$A$2:$M$1241,7,FALSE)," ") | J42: =IF(B42=0,VLOOKUP(A42,Feuil2!$A$2:$M$1241,9,FALSE)," ") | K42: =IF(B42=0,VLOOKUP(A42,Feuil2!$A$2:$M$1241,10,FALSE)," ") | O42: =IF(B42=0,VLOOKUP(A42,Feuil2!$A$2:$M$1241,13,FALSE)," ")
A43: 426 | B43: 0 | C43: =IF(B43=0,VLOOKUP(A43,Feuil2!$A$2:$M$1241,2,FALSE)," ") -> AFRIT | D43: =IF(B43=0,VLOOKUP(A43,Feuil2!$A$2:$M$1241,3,FALSE)," ") -> RIDHA | E43: =IF(B43=0,VLOOKUP(A43,Feuil2!$A$2:$M$1241,6,FALSE)," ") -> 24576 | F43: =IF(B43=0,VLOOKUP(A43,Feuil2!$A$2:$M$1241,12,FALSE)," ") -> H | G43: =IF(B43=0,VLOOKUP(A43,Feuil2!$A$2:$M$1241,11,FALSE)," ") -> M | H43: C | I43: =IF(B43=0,VLOOKUP(A43,Feuil2!$A$2:$M$1241,7,FALSE)," ") -> 2969655 | J43: =IF(B43=0,VLOOKUP(A43,Feuil2!$A$2:$M$1241,9,FALSE)," ") -> 129 Rue de Caire | K43: =IF(B43=0,VLOOKUP(A43,Feuil2!$A$2:$M$1241,10,FALSE)," ") -> Msaken 4070 | L43: 4070 | M43: 97224625 | O43: =IF(B43=0,VLOOKUP(A43,Feuil2!$A$2:$M$1241,13,FALSE)," ") -> 12505000580100968019
A44: 426 | B44: 1 | C44: HAMAMI | D44: ASMA | E44: 27659 | F44: F | G44: M | H44: C | I44: =IF(B44=0,VLOOKUP(A44,Feuil2!$A$2:$M$1241,7,FALSE)," ") | J44: =IF(B44=0,VLOOKUP(A44,Feuil2!$A$2:$M$1241,9,FALSE)," ") | K44: =IF(B44=0,VLOOKUP(A44,Feuil2!$A$2:$M$1241,10,FALSE)," ") | O44: =IF(B44=0,VLOOKUP(A44,Feuil2!$A$2:$M$1241,13,FALSE)," ")
A45: 426 | B45: 2 | C45: AFRIT | D45: OUMAIMA | E45: 36987 | F45: F | G45: =IF(B45=0,VLOOKUP(A45,Feuil2!$A$2:$M$1241,11,FALSE)," ") | H45: C | I45: =IF(B45=0,VLOOKUP(A45,Feuil2!$A$2:$M$1241,7,FALSE)," ") | J45: =IF(B45=0,VLOOKUP(A45,Feuil2!$A$2:$M$1241,9,FALSE)," ") | K45: =IF(B45=0,VLOOKUP(A45,Feuil2!$A$2:$M$1241,10,FALSE)," ") | O45: =IF(B45=0,VLOOKUP(A45,Feuil2!$A$2:$M$1241,13,FALSE)," ")
A46: 426 | B46: 3 | C46: AFRIT | D46: IMENE | E46: 37364 | F46: F | G46: =IF(B46=0,VLOOKUP(A46,Feuil2!$A$2:$M$1241,11,FALSE)," ") | H46: C | I46: =IF(B46=0,VLOOKUP(A46,Feuil2!$A$2:$M$1241,7,FALSE)," ") | J46: =IF(B46=0,VLOOKUP(A46,Feuil2!$A$2:$M$1241,9,FALSE)," ") | K46: =IF(B46=0,VLOOKUP(A46,Feuil2!$A$2:$M$1241,10,FALSE)," ") | O46: =IF(B46=0,VLOOKUP(A46,Feuil2!$A$2:$M$1241,13,FALSE)," ")
A47: 426 | B47: 4 | C47: AFRIT | D47: AMINE | E47: 38752 | F47: H | G47: =IF(B47=0,VLOOKUP(A47,Feuil2!$A$2:$M$1241,11,FALSE)," ") | H47: C | I47: =IF(B47=0,VLOOKUP(A47,Feuil2!$A$2:$M$1241,7,FALSE)," ") | J47: =IF(B47=0,VLOOKUP(A47,Feuil2!$A$2:$M$1241,9,FALSE)," ") | K47: =IF(B47=0,VLOOKUP(A47,Feuil2!$A$2:$M$1241,10,FALSE)," ") | O47: =IF(B47=0,VLOOKUP(A47,Feuil2!$A$2:$M$1241,13,FALSE)," ")
A48: 498 | B48: 0 | C48: =IF(B48=0,VLOOKUP(A48,Feuil2!$A$2:$M$1241,2,FALSE)," ") -> DHIB | D48: =IF(B48=0,VLOOKUP(A48,Feuil2!$A$2:$M$1241,3,FALSE)," ") -> TAOUFIK | E48: =IF(B48=0,VLOOKUP(A48,Feuil2!$A$2:$M$1241,6,FALSE)," ") -> 24007 | F48: =IF(B48=0,VLOOKUP(A48,Feuil2!$A$2:$M$1241,12,FALSE)," ") -> H | G48: =IF(B48=0,VLOOKUP(A48,Feuil2!$A$2:$M$1241,11,FALSE)," ") -> M | H48: C | I48: =IF(B48=0,VLOOKUP(A48,Feuil2!$A$2:$M$1241,7,FALSE)," ") -> 2957779 | J48: =IF(B48=0,VLOOKUP(A48,Feuil2!$A$2:$M$1241,9,FALSE)," ") -> 4014 Knaies | K48: =IF(B48=0,VLOOKUP(A48,Feuil2!$A$2:$M$1241,10,FALSE)," ") -> Knaies 4014 | L48: 4070 | M48: 43351639 | O48: =IF(B48=0,VLOOKUP(A48,Feuil2!$A$2:$M$1241,13,FALSE)," ") -> 12505000000213607746
A49: 498 | B49: 1 | C49: ALAIEB | D49: AICHA | E49: 26336 | F49: F | G49: M | H49: C | I49: =IF(B49=0,VLOOKUP(A49,Feuil2!$A$2:$M$1241,7,FALSE)," ") | J49: =IF(B49=0,VLOOKUP(A49,Feuil2!$A$2:$M$1241,9,FALSE)," ") | K49: =IF(B49=0,VLOOKUP(A49,Feuil2!$A$2:$M$1241,10,FALSE)," ") | O49: =IF(B49=0,VLOOKUP(A49,Feuil2!$A$2:$M$1241,13,FALSE)," ")
A50: 498 | B50: 2 | C50: DHIB | D50: HASSENE | E50: 37711 | F50: H | G50: =IF(B50=0,VLOOKUP(A50,Feuil2!$A$2:$M$1241,11,FALSE)," ") | H50: C | I50: =IF(B50=0,VLOOKUP(A50,Feuil2!$A$2:$M$1241,7,FALSE)," ") | J50: =IF(B50=0,VLOOKUP(A50,Feuil2!$A$2:$M$1241,9,FALSE)," ") | K50: =IF(B50=0,VLOOKUP(A50,Feuil2!$A$2:$M$1241,10,FALSE)," ") | O50: =IF(B50=0,VLOOKUP(A50,Feuil2!$A$2:$M$1241,13,FALSE)," ")
A51: 503 | B51: 0 | C51: =IF(B51=0,VLOOKUP(A51,Feuil2!$A$2:$M$1241,2,FALSE)," ") -> BOUHLEL | D51: =IF(B51=0,VLOOKUP(A51,Feuil2!$A$2:$M$1241,3,FALSE)," ") -> ABDELHAFIDH | E51: =IF(B51=0,VLOOKUP(A51,Feuil2!$A$2:$M$1241,6,FALSE)," ") -> 24306 | F51: =IF(B51=0,VLOOKUP(A51,Feuil2!$A$2:$M$1241,12,FALSE)," ") -> H | G51: =IF(B51=0,VLOOKUP(A51,Feuil2!$A$2:$M$1241,11,FALSE)," ") -> M | H51: C | I51: =IF(B51=0,VLOOKUP(A51,Feuil2!$A$2:$M$1241,7,FALSE)," ") -> 2966511 | J51: =IF(B51=0,VLOOKUP(A51,Feuil2!$A$2:$M$1241,9,FALSE)," ") -> 13, Rue des Oranges | K51: =IF(B51=0,VLOOKUP(A51,Feuil2!$A$2:$M$1241,10,FALSE)," ") -> Msaken 4070 | L51: 4070 | M51: 53730054 | O51: =IF(B51=0,VLOOKUP(A51,Feuil2!$A$2:$M$1241,13,FALSE)," ") -> 10506040203259578820
A52: 503 | B52: 1 | C52: MAIMOUNA | D52: NAJOUA | E52: 27622 | F52: F | G52: M | H52: C | I52: =IF(B52=0,VLOOKUP(A52,Feuil2!$A$2:$M$1241,7,FALSE)," ") | J52: =IF(B52=0,VLOOKUP(A52,Feuil2!$A$2:$M$1241,9,FALSE)," ") | K52: =IF(B52=0,VLOOKUP(A52,Feuil2!$A$2:$M$1241,10,FALSE)," ") | O52: =IF(B52=0,VLOOKUP(A52,Feuil2!$A$2:$M$1241,13,FALSE)," ")
A53: 503 | B53: 2 | C53: BOUHLEL | D53: HOUSSEM | E53: 35627 | F53: H | G53: =IF(B53=0,VLOOKUP(A53,Feuil2!$A$2:$M$1241,11,FALSE)," ") | H53: C | I53: =IF(B53=0,VLOOKUP(A53,Feuil2!$A$2:$M$1241,7,FALSE)," ") | J53: =IF(B53=0,VLOOKUP(A53,Feuil2!$A$2:$M$1241,9,FALSE)," ") | K53: =IF(B53=0,VLOOKUP(A53,Feuil2!$A$2:$M$1241,10,FALSE)," ") | O53: =IF(B53=0,VLOOKUP(A53,Feuil2!$A$2:$M$1241,13,FALSE)," ")
A54: 503 | B54: 3 | C54: BOUHLEL | D54: ABDALLAH | E54: 39902 | F54: H | G54: =IF(B54=0,VLOOKUP(A54,Feuil2!$A$2:$M$1241,11,FALSE)," ") | H54: C | I54: =IF(B54=0,VLOOKUP(A54,Feuil2!$A$2:$M$1241,7,FALSE)," ") | J54: =IF(B54=0,VLOOKUP(A54,Feuil2!$A$2:$M$1241,9,FALSE)," ") | K54: =IF(B54=0,VLOOKUP(A54,Feuil2!$A$2:$M$1241,10,FALSE)," ") | O54: =IF(B54=0,VLOOKUP(A54,Feuil2!$A$2:$M$1241,13,FALSE)," ")
A55: 524 | B55: 0 | C55: =IF(B55=0,VLOOKUP(A55,Feuil2!$A$2:$M$1241,2,FALSE)," ") -> EL MAHFOUDH | D55: =IF(B55=0,VLOOKUP(A55,Feuil2!$A$2:$M$1241,3,FALSE)," ") -> TAREK | E55: =IF(B55=0,VLOOKUP(A55,Feuil2!$A$2:$M$1241,6,FALSE)," ") -> 23044 | F55: =IF(B55=0,VLOOKUP(A55,Feuil2!$A$2:$M$1241,12,FALSE)," ") -> H | G55: =IF(B55=0,VLOOKUP(A55,Feuil2!$A$2:$M$1241,11,FALSE)," ") -> M | H55: C | I55: =IF(B55=0,VLOOKUP(A55,Feuil2!$A$2:$M$1241,7,FALSE)," ") -> 2899298 | J55: =IF(B55=0,VLOOKUP(A55,Feuil2!$A$2:$M$1241,9,FALSE)," ") -> NULL | K55: =IF(B55=0,VLOOKUP(A55,Feuil2!$A$2:$M$1241,10,FALSE)," ") -> NULL | M55: 98793517 | O55: =IF(B55=0,VLOOKUP(A55,Feuil2!$A$2:$M$1241,13,FALSE)," ") -> 14500500100702024154
A56: 524 | B56: 1 | C56: BRAHEM | D56: HALLOUMA | E56: 23459 | F56: F | G56: M | H56: C | I56: =IF(B56=0,VLOOKUP(A56,Feuil2!$A$2:$M$1241,7,FALSE)," ") | J56: =IF(B56=0,VLOOKUP(A56,Feuil2!$A$2:$M$1241,9,FALSE)," ") | K56: =IF(B56=0,VLOOKUP(A56,Feuil2!$A$2:$M$1241,10,FALSE)," ") | O56: =IF(B56=0,VLOOKUP(A56,Feuil2!$A$2:$M$1241,13,FALSE)," ")
A57: 551 | B57: 0 | C57: =IF(B57=0,VLOOKUP(A57,Feuil2!$A$2:$M$1241,2,FALSE)," ") -> EL GADHI | D57: =IF(B57=0,VLOOKUP(A57,Feuil2!$A$2:$M$1241,3,FALSE)," ") -> SALAH | E57: =IF(B57=0,VLOOKUP(A57,Feuil2!$A$2:$M$1241,6,FALSE)," ") -> 23091 | F57: =IF(B57=0,VLOOKUP(A57,Feuil2!$A$2:$M$1241,12,FALSE)," ") -> H | G57: =IF(B57=0,VLOOKUP(A57,Feuil2!$A$2:$M$1241,11,FALSE)," ") -> M | H57: C | I57: =IF(B57=0,VLOOKUP(A57,Feuil2!$A$2:$M$1241,7,FALSE)," ") -> 2947807 | J57: =IF(B57=0,VLOOKUP(A57,Feuil2!$A$2:$M$1241,9,FALSE)," ") -> 179 Rue Ali Belahouane | K57: =IF(B57=0,VLOOKUP(A57,Feuil2!$A$2:$M$1241,10,FALSE)," ") -> Msaken 4070 | L57: 4070 | M57: 50672859 | O57: =IF(B57=0,VLOOKUP(A57,Feuil2!$A$2:$M$1241,13,FALSE)," ") -> 08507000262000178637
A58: 551 | B58: 1 | C58: BRAHIM | D58: SOUAD | E58: 24624 | F58: F | G58: M | H58: C | I58: =IF(B58=0,VLOOKUP(A58,Feuil2!$A$2:$M$1241,7,FALSE)," ") | J58: =IF(B58=0,VLOOKUP(A58,Feuil2!$A$2:$M$1241,9,FALSE)," ") | K58: =IF(B58=0,VLOOKUP(A58,Feuil2!$A$2:$M$1241,10,FALSE)," ") | O58: =IF(B58=0,VLOOKUP(A58,Feuil2!$A$2:$M$1241,13,FALSE)," ")
A59: 551 | B59: 2 | C59: EL GADHI | D59: FIRAS | E59: 35977 | F59: H | G59: =IF(B59=0,VLOOKUP(A59,Feuil2!$A$2:$M$1241,11,FALSE)," ") | H59: C | I59: =IF(B59=0,VLOOKUP(A59,Feuil2!$A$2:$M$1241,7,FALSE)," ") | J59: =IF(B59=0,VLOOKUP(A59,Feuil2!$A$2:$M$1241,9,FALSE)," ") | K59: =IF(B59=0,VLOOKUP(A59,Feuil2!$A$2:$M$1241,10,FALSE)," ") | O59: =IF(B59=0,VLOOKUP(A59,Feuil2!$A$2:$M$1241,13,FALSE)," ")
A60: 551 | B60: 3 | C60: EL GADHI | D60: YOSR | E60: 36434 | F60: F | G60: =IF(B60=0,VLOOKUP(A60,Feuil2!$A$2:$M$1241,11,FALSE)," ") | H60: C | I60: =IF(B60=0,VLOOKUP(A60,Feuil2!$A$2:$M$1241,7,FALSE)," ") | J60: =IF(B60=0,VLOOKUP(A60,Feuil2!$A$2:$M$1241,9,FALSE)," ") | K60: =IF(B60=0,VLOOKUP(A60,Feuil2!$A$2:$M$1241,10,FALSE)," ") | O60: =IF(B60=0,VLOOKUP(A60,Feuil2!$A$2:$M$1241,13,FALSE)," ")
A61: 551 | B61: 4 | C61: EL GADHI | D61: TASNIME | E61: 38959 | F61: F | G61: =IF(B61=0,VLOOKUP(A61,Feuil2!$A$2:$M$1241,11,FALSE)," ") | H61: C | I61: =IF(B61=0,VLOOKUP(A61,Feuil2!$A$2:$M$1241,7,FALSE)," ") | J61: =IF(B61=0,VLOOKUP(A61,Feuil2!$A$2:$M$1241,9,FALSE)," ") | K61: =IF(B61=0,VLOOKUP(A61,Feuil2!$A$2:$M$1241,10,FALSE)," ") | O61: =IF(B61=0,VLOOKUP(A61,Feuil2!$A$2:$M$1241,13,FALSE)," ")
A62: 552 | B62: 0 | C62: =IF(B62=0,VLOOKUP(A62,Feuil2!$A$2:$M$1241,2,FALSE)," ") -> ACHOUR | D62: =IF(B62=0,VLOOKUP(A62,Feuil2!$A$2:$M$1241,3,FALSE)," ") -> KAMEL | E62: =IF(B62=0,VLOOKUP(A62,Feuil2!$A$2:$M$1241,6,FALSE)," ") -> 22929 | F62: =IF(B62=0,VLOOKUP(A62,Feuil2!$A$2:$M$1241,12,FALSE)," ") -> H | G62: =IF(B62=0,VLOOKUP(A62,Feuil2!$A$2:$M$1241,11,FALSE)," ") -> M | H62: C | I62: =IF(B62=0,VLOOKUP(A62,Feuil2!$A$2:$M$1241,7,FALSE)," ") -> 2943574 | J62: =IF(B62=0,VLOOKUP(A62,Feuil2!$A$2:$M$1241,9,FALSE)," ") -> 32 RUE 2 MARS | K62: =IF(B62=0,VLOOKUP(A62,Feuil2!$A$2:$M$1241,10,FALSE)," ") -> Msaken 4070 | L62: 4070 | M62: 98783220 | O62: =IF(B62=0,VLOOKUP(A62,Feuil2!$A$2:$M$1241,13,FALSE)," ") -> 08507000262001239720
A63: 552 | B63: 1 | C63: ACHOUR | D63: AMEL | E63: 24878 | F63: F | G63: M | H63: C | I63: =IF(B63=0,VLOOKUP(A63,Feuil2!$A$2:$M$1241,7,FALSE)," ") | J63: =IF(B63=0,VLOOKUP(A63,Feuil2!$A$2:$M$1241,9,FALSE)," ") | K63: =IF(B63=0,VLOOKUP(A63,Feuil2!$A$2:$M$1241,10,FALSE)," ") | O63: =IF(B63=0,VLOOKUP(A63,Feuil2!$A$2:$M$1241,13,FALSE)," ")
A64: 552 | B64: 2 | C64: ACHOUR | D64: CHAIMA | E64: 34858 | F64: F | G64: =IF(B64=0,VLOOKUP(A64,Feuil2!$A$2:$M$1241,11,FALSE)," ") | H64: C | I64: =IF(B64=0,VLOOKUP(A64,Feuil2!$A$2:$M$1241,7,FALSE)," ") | J64: =IF(B64=0,VLOOKUP(A64,Feuil2!$A$2:$M$1241,9,FALSE)," ") | K64: =IF(B64=0,VLOOKUP(A64,Feuil2!$A$2:$M$1241,10,FALSE)," ") | O64: =IF(B64=0,VLOOKUP(A64,Feuil2!$A$2:$M$1241,13,FALSE)," ")
A65: 552 | B65: 3 | C65: ACHOUR | D65: MOHAMED | E65: 37758 | F65: H | G65: =IF(B65=0,VLOOKUP(A65,Feuil2!$A$2:$M$1241,11,FALSE)," ") | H65: C | I65: =IF(B65=0,VLOOKUP(A65,Feuil2!$A$2:$M$1241,7,FALSE)," ") | J65: =IF(B65=0,VLOOKUP(A65,Feuil2!$A$2:$M$1241,9,FALSE)," ") | K65: =IF(B65=0,VLOOKUP(A65,Feuil2!$A$2:$M$1241,10,FALSE)," ") | O65: =IF(B65=0,VLOOKUP(A65,Feuil2!$A$2:$M$1241,13,FALSE)," ")
A66: 552 | B66: 4 | C66: ACHOUR | D66: DOAA | E66: 38158 | F66: F | G66: =IF(B66=0,VLOOKUP(A66,Feuil2!$A$2:$M$1241,11,FALSE)," ") | H66: C | I66: =IF(B66=0,VLOOKUP(A66,Feuil2!$A$2:$M$1241,7,FALSE)," ") | J66: =IF(B66=0,VLOOKUP(A66,Feuil2!$A$2:$M$1241,9,FALSE)," ") | K66: =IF(B66=0,VLOOKUP(A66,Feuil2!$A$2:$M$1241,10,FALSE)," ") | O66: =IF(B66=0,VLOOKUP(A66,Feuil2!$A$2:$M$1241,13,FALSE)," ")
A67: 552 | B67: 5 | C67: ACHOUR | D67: ASMA | E67: 38734 | F67: F | G67: =IF(B67=0,VLOOKUP(A67,Feuil2!$A$2:$M$1241,11,FALSE)," ") | H67: C | I67: =IF(B67=0,VLOOKUP(A67,Feuil2!$A$2:$M$1241,7,FALSE)," ") | J67: =IF(B67=0,VLOOKUP(A67,Feuil2!$A$2:$M$1241,9,FALSE)," ") | K67: =IF(B67=0,VLOOKUP(A67,Feuil2!$A$2:$M$1241,10,FALSE)," ") | O67: =IF(B67=0,VLOOKUP(A67,Feuil2!$A$2:$M$1241,13,FALSE)," ")
A68: 590 | B68: 0 | C68: =IF(B68=0,VLOOKUP(A68,Feuil2!$A$2:$M$1241,2,FALSE)," ") -> KHALFALLAH | D68: =IF(B68=0,VLOOKUP(A68,Feuil2!$A$2:$M$1241,3,FALSE)," ") -> ABDELAZIZ | E68: =IF(B68=0,VLOOKUP(A68,Feuil2!$A$2:$M$1241,6,FALSE)," ") -> 23999 | F68: =IF(B68=0,VLOOKUP(A68,Feuil2!$A$2:$M$1241,12,FALSE)," ") -> H | G68: =IF(B68=0,VLOOKUP(A68,Feuil2!$A$2:$M$1241,11,FALSE)," ") -> M | H68: C | I68: =IF(B68=0,VLOOKUP(A68,Feuil2!$A$2:$M$1241,7,FALSE)," ") -> 2966622 | J68: =IF(B68=0,VLOOKUP(A68,Feuil2!$A$2:$M$1241,9,FALSE)," ") -> 172 R Elmalek FayÃ§al | K68: =IF(B68=0,VLOOKUP(A68,Feuil2!$A$2:$M$1241,10,FALSE)," ") -> Msaken 4070 | L68: 4070 | M68: 26834154 | O68: =IF(B68=0,VLOOKUP(A68,Feuil2!$A$2:$M$1241,13,FALSE)," ") -> 05048000116500489977
A69: 590 | B69: 1 | C69: BEN HASSEN | D69: MONIA | E69: 24437 | F69: F | G69: M | H69: C | I69: =IF(B69=0,VLOOKUP(A69,Feuil2!$A$2:$M$1241,7,FALSE)," ") | J69: =IF(B69=0,VLOOKUP(A69,Feuil2!$A$2:$M$1241,9,FALSE)," ") | K69: =IF(B69=0,VLOOKUP(A69,Feuil2!$A$2:$M$1241,10,FALSE)," ") | O69: =IF(B69=0,VLOOKUP(A69,Feuil2!$A$2:$M$1241,13,FALSE)," ")
A70: 590 | B70: 3 | C70: KHALFALLAH | D70: AHMED | E70: 36202 | F70: =IF(B70=0,VLOOKUP(A70,Feuil2!$A$2:$M$1241,12,FALSE)," ") | G70: =IF(B70=0,VLOOKUP(A70,Feuil2!$A$2:$M$1241,11,FALSE)," ") | H70: C | I70: =IF(B70=0,VLOOKUP(A70,Feuil2!$A$2:$M$1241,7,FALSE)," ") | J70: =IF(B70=0,VLOOKUP(A70,Feuil2!$A$2:$M$1241,9,FALSE)," ") | K70: =IF(B70=0,VLOOKUP(A70,Feuil2!$A$2:$M$1241,10,FALSE)," ") | O70: =IF(B70=0,VLOOKUP(A70,Feuil2!$A$2:$M$1241,13,FALSE)," ")
A71: 590 | B71: 4 | C71: KHALFALLAH | D71: OMAR | E71: 36882 | F71: =IF(B71=0,VLOOKUP(A71,Feuil2!$A$2:$M$1241,12,FALSE)," ") | G71: =IF(B71=0,VLOOKUP(A71,Feuil2!$A$2:$M$1241,11,FALSE)," ") | H71: C | I71: =IF(B71=0,VLOOKUP(A71,Feuil2!$A$2:$M$1241,7,FALSE)," ") | J71: =IF(B71=0,VLOOKUP(A71,Feuil2!$A$2:$M$1241,9,FALSE)," ") | K71: =IF(B71=0,VLOOKUP(A71,Feuil2!$A$2:$M$1241,10,FALSE)," ") | O71: =IF(B71=0,VLOOKUP(A71,Feuil2!$A$2:$M$1241,13,FALSE)," ")
A72: 590 | B72: 5 | C72: KHALFALLAH | D72: SALMA | E72: 37976 | F72: =IF(B72=0,VLOOKUP(A72,Feuil2!$A$2:$M$1241,12,FALSE)," ") | G72: =IF(B72=0,VLOOKUP(A72,Feuil2!$A$2:$M$1241,11,FALSE)," ") | H72: C | I72: =IF(B72=0,VLOOKUP(A72,Feuil2!$A$2:$M$1241,7,FALSE)," ") | J72: =IF(B72=0,VLOOKUP(A72,Feuil2!$A$2:$M$1241,9,FALSE)," ") | K72: =IF(B72=0,VLOOKUP(A72,Feuil2!$A$2:$M$1241,10,FALSE)," ") | O72: =IF(B72=0,VLOOKUP(A72,Feuil2!$A$2:$M$1241,13,FALSE)," ")
A73: 599 | B73: 0 | C73: =IF(B73=0,VLOOKUP(A73,Feuil2!$A$2:$M$1241,2,FALSE)," ") -> LOGHMARI | D73: =IF(B73=0,VLOOKUP(A73,Feuil2!$A$2:$M$1241,3,FALSE)," ") -> MOHAMED | E73: =IF(B73=0,VLOOKUP(A73,Feuil2!$A$2:$M$1241,6,FALSE)," ") -> 24432 | F73: =IF(B73=0,VLOOKUP(A73,Feuil2!$A$2:$M$1241,12,FALSE)," ") -> H | G73: =IF(B73=0,VLOOKUP(A73,Feuil2!$A$2:$M$1241,11,FALSE)," ") -> M | H73: C | I73: =IF(B73=0,VLOOKUP(A73,Feuil2!$A$2:$M$1241,7,FALSE)," ") -> 2988440 | J73: =IF(B73=0,VLOOKUP(A73,Feuil2!$A$2:$M$1241,9,FALSE)," ") -> 23 RUE ETIHAD | K73: =IF(B73=0,VLOOKUP(A73,Feuil2!$A$2:$M$1241,10,FALSE)," ") -> Msaken 4070 | L73: 4070 | M73: 97479787 | O73: 11020002198605078841 | P73: PARTANT
A74: 599 | B74: 1 | C74: LADHARI | D74: FAOUZIA | E74: 26112 | F74: F | G74: M | H74: C | I74: =IF(B74=0,VLOOKUP(A74,Feuil2!$A$2:$M$1241,7,FALSE)," ") | J74: =IF(B74=0,VLOOKUP(A74,Feuil2!$A$2:$M$1241,9,FALSE)," ") | K74: =IF(B74=0,VLOOKUP(A74,Feuil2!$A$2:$M$1241,10,FALSE)," ") | O74: =IF(B74=0,VLOOKUP(A74,Feuil2!$A$2:$M$1241,13,FALSE)," ")
A75: 599 | B75: 2 | C75: LOGHMARI | D75: EMNA | E75: 35692 | F75: F | G75: =IF(B75=0,VLOOKUP(A75,Feuil2!$A$2:$M$1241,11,FALSE)," ") | H75: C | I75: =IF(B75=0,VLOOKUP(A75,Feuil2!$A$2:$M$1241,7,FALSE)," ") | J75: =IF(B75=0,VLOOKUP(A75,Feuil2!$A$2:$M$1241,9,FALSE)," ") | K75: =IF(B75=0,VLOOKUP(A75,Feuil2!$A$2:$M$1241,10,FALSE)," ") | O75: =IF(B75=0,VLOOKUP(A75,Feuil2!$A$2:$M$1241,13,FALSE)," ")
A76: 599 | B76: 3 | C76: LOGHMARI | D76: AYA | E76: 38394 | F76: F | G76: =IF(B76=0,VLOOKUP(A76,Feuil2!$A$2:$M$1241,11,FALSE)," ") | H76: C | I76: =IF(B76=0,VLOOKUP(A76,Feuil2!$A$2:$M$1241,7,FALSE)," ") | J76: =IF(B76=0,VLOOKUP(A76,Feuil2!$A$2:$M$1241,9,FALSE)," ") | K76: =IF(B76=0,VLOOKUP(A76,Feuil2!$A$2:$M$1241,10,FALSE)," ") | O76: =IF(B76=0,VLOOKUP(A76,Feuil2!$A$2:$M$1241,13,FALSE)," ")
A77: 599 | B77: 4 | C77: LOGHMARI | D77: ISMAIEL | E77: 38394 | F77: H | G77: =IF(B77=0,VLOOKUP(A77,Feuil2!$A$2:$M$1241,11,FALSE)," ") | H77: C | I77: =IF(B77=0,VLOOKUP(A77,Feuil2!$A$2:$M$1241,7,FALSE)," ") | J77: =IF(B77=0,VLOOKUP(A77,Feuil2!$A$2:$M$1241,9,FALSE)," ") | K77: =IF(B77=0,VLOOKUP(A77,Feuil2!$A$2:$M$1241,10,FALSE)," ") | O77: =IF(B77=0,VLOOKUP(A77,Feuil2!$A$2:$M$1241,13,FALSE)," ")
A78: 599 | B78: 5 | C78: LOGHMARI | D78: AYOUB | E78: 39780 | F78: H | G78: =IF(B78=0,VLOOKUP(A78,Feuil2!$A$2:$M$1241,11,FALSE)," ") | H78: C | I78: =IF(B78=0,VLOOKUP(A78,Feuil2!$A$2:$M$1241,7,FALSE)," ") | J78: =IF(B78=0,VLOOKUP(A78,Feuil2!$A$2:$M$1241,9,FALSE)," ") | K78: =IF(B78=0,VLOOKUP(A78,Feuil2!$A$2:$M$1241,10,FALSE)," ") | O78: =IF(B78=0,VLOOKUP(A78,Feuil2!$A$2:$M$1241,13,FALSE)," ")
A79: 606 | B79: 0 | C79: =IF(B79=0,VLOOKUP(A79,Feuil2!$A$2:$M$1241,2,FALSE)," ") -> MABROUK | D79: =IF(B79=0,VLOOKUP(A79,Feuil2!$A$2:$M$1241,3,FALSE)," ") -> FREDJ | E79: =IF(B79=0,VLOOKUP(A79,Feuil2!$A$2:$M$1241,6,FALSE)," ") -> 23084 | F79: =IF(B79=0,VLOOKUP(A79,Feuil2!$A$2:$M$1241,12,FALSE)," ") -> H | G79: =IF(B79=0,VLOOKUP(A79,Feuil2!$A$2:$M$1241,11,FALSE)," ") -> M | H79: C | I79: =IF(B79=0,VLOOKUP(A79,Feuil2!$A$2:$M$1241,7,FALSE)," ") -> 2945471 | J79: =IF(B79=0,VLOOKUP(A79,Feuil2!$A$2:$M$1241,9,FALSE)," ") -> Rue Abou Zamaa Elbelaoui | K79: =IF(B79=0,VLOOKUP(A79,Feuil2!$A$2:$M$1241,10,FALSE)," ") -> Msaken 4070 | L79: 4070 | M79: 97122332 | O79: =IF(B79=0,VLOOKUP(A79,Feuil2!$A$2:$M$1241,13,FALSE)," ") -> 10506040511727378881
A80: 606 | B80: 1 | C80: JARRAR | D80: AFEF | E80: 27779 | F80: F | G80: M | H80: C | I80: =IF(B80=0,VLOOKUP(A80,Feuil2!$A$2:$M$1241,7,FALSE)," ") | J80: =IF(B80=0,VLOOKUP(A80,Feuil2!$A$2:$M$1241,9,FALSE)," ") | K80: =IF(B80=0,VLOOKUP(A80,Feuil2!$A$2:$M$1241,10,FALSE)," ") | O80: =IF(B80=0,VLOOKUP(A80,Feuil2!$A$2:$M$1241,13,FALSE)," ")
A81: 606 | B81: 2 | C81: MABROUK | D81: MAHA | E81: 36031 | F81: F | G81: =IF(B81=0,VLOOKUP(A81,Feuil2!$A$2:$M$1241,11,FALSE)," ") | H81: C | I81: =IF(B81=0,VLOOKUP(A81,Feuil2!$A$2:$M$1241,7,FALSE)," ") | J81: =IF(B81=0,VLOOKUP(A81,Feuil2!$A$2:$M$1241,9,FALSE)," ") | K81: =IF(B81=0,VLOOKUP(A81,Feuil2!$A$2:$M$1241,10,FALSE)," ") | O81: =IF(B81=0,VLOOKUP(A81,Feuil2!$A$2:$M$1241,13,FALSE)," ")
A82: 606 | B82: 3 | C82: MABROUK | D82: WASSIM | E82: 36506 | F82: H | G82: =IF(B82=0,VLOOKUP(A82,Feuil2!$A$2:$M$1241,11,FALSE)," ") | H82: C | I82: =IF(B82=0,VLOOKUP(A82,Feuil2!$A$2:$M$1241,7,FALSE)," ") | J82: =IF(B82=0,VLOOKUP(A82,Feuil2!$A$2:$M$1241,9,FALSE)," ") | K82: =IF(B82=0,VLOOKUP(A82,Feuil2!$A$2:$M$1241,10,FALSE)," ") | O82: =IF(B82=0,VLOOKUP(A82,Feuil2!$A$2:$M$1241,13,FALSE)," ")
A83: 606 | B83: 4 | C83: MABROUK | D83: AHLAM | E83: 37450 | F83: F | G83: =IF(B83=0,VLOOKUP(A83,Feuil2!$A$2:$M$1241,11,FALSE)," ") | H83: C | I83: =IF(B83=0,VLOOKUP(A83,Feuil2!$A$2:$M$1241,7,FALSE)," ") | J83: =IF(B83=0,VLOOKUP(A83,Feuil2!$A$2:$M$1241,9,FALSE)," ") | K83: =IF(B83=0,VLOOKUP(A83,Feuil2!$A$2:$M$1241,10,FALSE)," ") | O83: =IF(B83=0,VLOOKUP(A83,Feuil2!$A$2:$M$1241,13,FALSE)," ")
A84: 606 | B84: 5 | C84: MABROUK | D84: TAHA | E84: 40477 | F84: H | G84: =IF(B84=0,VLOOKUP(A84,Feuil2!$A$2:$M$1241,11,FALSE)," ") | H84: C | I84: =IF(B84=0,VLOOKUP(A84,Feuil2!$A$2:$M$1241,7,FALSE)," ") | J84: =IF(B84=0,VLOOKUP(A84,Feuil2!$A$2:$M$1241,9,FALSE)," ") | K84: =IF(B84=0,VLOOKUP(A84,Feuil2!$A$2:$M$1241,10,FALSE)," ") | O84: =IF(B84=0,VLOOKUP(A84,Feuil2!$A$2:$M$1241,13,FALSE)," ")
A85: 645 | B85: 0 | C85: =IF(B85=0,VLOOKUP(A85,Feuil2!$A$2:$M$1241,2,FALSE)," ") -> MALLEH | D85: =IF(B85=0,VLOOKUP(A85,Feuil2!$A$2:$M$1241,3,FALSE)," ") -> HATEM | E85: =IF(B85=0,VLOOKUP(A85,Feuil2!$A$2:$M$1241,6,FALSE)," ") -> 24447 | F85: =IF(B85=0,VLOOKUP(A85,Feuil2!$A$2:$M$1241,12,FALSE)," ") -> H | G85: =IF(B85=0,VLOOKUP(A85,Feuil2!$A$2:$M$1241,11,FALSE)," ") -> M | H85: C | I85: =IF(B85=0,VLOOKUP(A85,Feuil2!$A$2:$M$1241,7,FALSE)," ") -> 2991373 | J85: =IF(B85=0,VLOOKUP(A85,Feuil2!$A$2:$M$1241,9,FALSE)," ") -> 14 Rue Tarek Ibn Zied | K85: =IF(B85=0,VLOOKUP(A85,Feuil2!$A$2:$M$1241,10,FALSE)," ") -> Moureddine | M85: 98793638 | O85: =IF(B85=0,VLOOKUP(A85,Feuil2!$A$2:$M$1241,13,FALSE)," ") -> 03508056010100104893
A86: 645 | B86: 1 | C86: HOUIMEL | D86: RAJA | E86: 25894 | F86: F | G86: M | H86: C | I86: =IF(B86=0,VLOOKUP(A86,Feuil2!$A$2:$M$1241,7,FALSE)," ") | J86: =IF(B86=0,VLOOKUP(A86,Feuil2!$A$2:$M$1241,9,FALSE)," ") | K86: =IF(B86=0,VLOOKUP(A86,Feuil2!$A$2:$M$1241,10,FALSE)," ") | O86: =IF(B86=0,VLOOKUP(A86,Feuil2!$A$2:$M$1241,13,FALSE)," ")
A87: 645 | B87: 2 | C87: MALLEH | D87: RAHMA | E87: 35378 | F87: F | G87: =IF(B87=0,VLOOKUP(A87,Feuil2!$A$2:$M$1241,11,FALSE)," ") | H87: C | I87: =IF(B87=0,VLOOKUP(A87,Feuil2!$A$2:$M$1241,7,FALSE)," ") | J87: =IF(B87=0,VLOOKUP(A87,Feuil2!$A$2:$M$1241,9,FALSE)," ") | K87: =IF(B87=0,VLOOKUP(A87,Feuil2!$A$2:$M$1241,10,FALSE)," ") | O87: =IF(B87=0,VLOOKUP(A87,Feuil2!$A$2:$M$1241,13,FALSE)," ")
A88: 645 | B88: 3 | C88: MALLEH | D88: GHOFRANE | E88: 36759 | F88: F | G88: =IF(B88=0,VLOOKUP(A88,Feuil2!$A$2:$M$1241,11,FALSE)," ") | H88: C | I88: =IF(B88=0,VLOOKUP(A88,Feuil2!$A$2:$M$1241,7,FALSE)," ") | J88: =IF(B88=0,VLOOKUP(A88,Feuil2!$A$2:$M$1241,9,FALSE)," ") | K88: =IF(B88=0,VLOOKUP(A88,Feuil2!$A$2:$M$1241,10,FALSE)," ") | O88: =IF(B88=0,VLOOKUP(A88,Feuil2!$A$2:$M$1241,13,FALSE)," ")
A89: 645 | B89: 4 | C89: MALLEH | D89: DORRA | E89: 38305 | F89: F | G89: =IF(B89=0,VLOOKUP(A89,Feuil2!$A$2:$M$1241,11,FALSE)," ") | H89: C | I89: =IF(B89=0,VLOOKUP(A89,Feuil2!$A$2:$M$1241,7,FALSE)," ") | J89: =IF(B89=0,VLOOKUP(A89,Feuil2!$A$2:$M$1241,9,FALSE)," ") | K89: =IF(B89=0,VLOOKUP(A89,Feuil2!$A$2:$M$1241,10,FALSE)," ") | O89: =IF(B89=0,VLOOKUP(A89,Feuil2!$A$2:$M$1241,13,FALSE)," ")
A90: 647 | B90: 0 | C90: =IF(B90=0,VLOOKUP(A90,Feuil2!$A$2:$M$1241,2,FALSE)," ") -> KHALIFA | D90: =IF(B90=0,VLOOKUP(A90,Feuil2!$A$2:$M$1241,3,FALSE)," ") -> NACEUR | E90: =IF(B90=0,VLOOKUP(A90,Feuil2!$A$2:$M$1241,6,FALSE)," ") -> 24227 | F90: =IF(B90=0,VLOOKUP(A90,Feuil2!$A$2:$M$1241,12,FALSE)," ") -> H | G90: =IF(B90=0,VLOOKUP(A90,Feuil2!$A$2:$M$1241,11,FALSE)," ") -> M | H90: C | I90: =IF(B90=0,VLOOKUP(A90,Feuil2!$A$2:$M$1241,7,FALSE)," ") -> 2970559 | J90: =IF(B90=0,VLOOKUP(A90,Feuil2!$A$2:$M$1241,9,FALSE)," ") -> 10 Rue BÃ©chir Sfar | K90: =IF(B90=0,VLOOKUP(A90,Feuil2!$A$2:$M$1241,10,FALSE)," ") -> Msaken 4070 | L90: 4070 | M90: 29151455 | O90: =IF(B90=0,VLOOKUP(A90,Feuil2!$A$2:$M$1241,13,FALSE)," ") -> 12505000580102810340
A91: 647 | B91: 1 | C91: KHALIFA | D91: FATMA | E91: 27525 | F91: F | G91: M | H91: C | I91: =IF(B91=0,VLOOKUP(A91,Feuil2!$A$2:$M$1241,7,FALSE)," ") | J91: =IF(B91=0,VLOOKUP(A91,Feuil2!$A$2:$M$1241,9,FALSE)," ") | K91: =IF(B91=0,VLOOKUP(A91,Feuil2!$A$2:$M$1241,10,FALSE)," ") | O91: =IF(B91=0,VLOOKUP(A91,Feuil2!$A$2:$M$1241,13,FALSE)," ")
A92: 647 | B92: 2 | C92: KHALIFA | D92: SANA | E92: 36248 | F92: F | G92: =IF(B92=0,VLOOKUP(A92,Feuil2!$A$2:$M$1241,11,FALSE)," ") | H92: C | I92: =IF(B92=0,VLOOKUP(A92,Feuil2!$A$2:$M$1241,7,FALSE)," ") | J92: =IF(B92=0,VLOOKUP(A92,Feuil2!$A$2:$M$1241,9,FALSE)," ") | K92: =IF(B92=0,VLOOKUP(A92,Feuil2!$A$2:$M$1241,10,FALSE)," ") | O92: =IF(B92=0,VLOOKUP(A92,Feuil2!$A$2:$M$1241,13,FALSE)," ")
A93: 647 | B93: 3 | C93: KHALIFA | D93: MOHAMED ALI | E93: 37941 | F93: H | G93: =IF(B93=0,VLOOKUP(A93,Feuil2!$A$2:$M$1241,11,FALSE)," ") | H93: C | I93: =IF(B93=0,VLOOKUP(A93,Feuil2!$A$2:$M$1241,7,FALSE)," ") | J93: =IF(B93=0,VLOOKUP(A93,Feuil2!$A$2:$M$1241,9,FALSE)," ") | K93: =IF(B93=0,VLOOKUP(A93,Feuil2!$A$2:$M$1241,10,FALSE)," ") | O93: =IF(B93=0,VLOOKUP(A93,Feuil2!$A$2:$M$1241,13,FALSE)," ")
A94: 647 | B94: 4 | C94: KHALIFA | D94: HAMZA | E94: 39796 | F94: H | G94: =IF(B94=0,VLOOKUP(A94,Feuil2!$A$2:$M$1241,11,FALSE)," ") | H94: C | I94: =IF(B94=0,VLOOKUP(A94,Feuil2!$A$2:$M$1241,7,FALSE)," ") | J94: =IF(B94=0,VLOOKUP(A94,Feuil2!$A$2:$M$1241,9,FALSE)," ") | K94: =IF(B94=0,VLOOKUP(A94,Feuil2!$A$2:$M$1241,10,FALSE)," ") | O94: =IF(B94=0,VLOOKUP(A94,Feuil2!$A$2:$M$1241,13,FALSE)," ")
A95: 647 | B95: 5 | C95: KHALIFA | D95: HIBA | E95: 40416 | F95: F | G95: =IF(B95=0,VLOOKUP(A95,Feuil2!$A$2:$M$1241,11,FALSE)," ") | H95: C | I95: =IF(B95=0,VLOOKUP(A95,Feuil2!$A$2:$M$1241,7,FALSE)," ") | J95: =IF(B95=0,VLOOKUP(A95,Feuil2!$A$2:$M$1241,9,FALSE)," ") | K95: =IF(B95=0,VLOOKUP(A95,Feuil2!$A$2:$M$1241,10,FALSE)," ") | O95: =IF(B95=0,VLOOKUP(A95,Feuil2!$A$2:$M$1241,13,FALSE)," ")
A96: 648 | B96: 0 | C96: =IF(B96=0,VLOOKUP(A96,Feuil2!$A$2:$M$1241,2,FALSE)," ") -> MANSOUR | D96: =IF(B96=0,VLOOKUP(A96,Feuil2!$A$2:$M$1241,3,FALSE)," ") -> ABDELMEJID | E96: =IF(B96=0,VLOOKUP(A96,Feuil2!$A$2:$M$1241,6,FALSE)," ") -> 25362 | F96: =IF(B96=0,VLOOKUP(A96,Feuil2!$A$2:$M$1241,12,FALSE)," ") -> H | G96: =IF(B96=0,VLOOKUP(A96,Feuil2!$A$2:$M$1241,11,FALSE)," ") -> M | H96: C | I96: =IF(B96=0,VLOOKUP(A96,Feuil2!$A$2:$M$1241,7,FALSE)," ") -> 2993666 | J96: =IF(B96=0,VLOOKUP(A96,Feuil2!$A$2:$M$1241,9,FALSE)," ") -> 4015 Beni Rabiaa | K96: =IF(B96=0,VLOOKUP(A96,Feuil2!$A$2:$M$1241,10,FALSE)," ") -> BÃ©ni Rabiaa 4015 | M96: 98793710 | O96: =IF(B96=0,VLOOKUP(A96,Feuil2!$A$2:$M$1241,13,FALSE)," ") -> 12505000580101845093 | P96: PARTANT
A97: 648 | B97: 1 | C97: CHIKH | D97: HAYET | E97: 25872 | F97: F | G97: M | H97: C | I97: =IF(B97=0,VLOOKUP(A97,Feuil2!$A$2:$M$1241,7,FALSE)," ") | J97: =IF(B97=0,VLOOKUP(A97,Feuil2!$A$2:$M$1241,9,FALSE)," ") | K97: =IF(B97=0,VLOOKUP(A97,Feuil2!$A$2:$M$1241,10,FALSE)," ") | O97: =IF(B97=0,VLOOKUP(A97,Feuil2!$A$2:$M$1241,13,FALSE)," ")
A98: 648 | B98: 2 | C98: MANSOUR | D98: HACHMI | E98: 36600 | F98: H | G98: =IF(B98=0,VLOOKUP(A98,Feuil2!$A$2:$M$1241,11,FALSE)," ") | H98: C | I98: =IF(B98=0,VLOOKUP(A98,Feuil2!$A$2:$M$1241,7,FALSE)," ") | J98: =IF(B98=0,VLOOKUP(A98,Feuil2!$A$2:$M$1241,9,FALSE)," ") | K98: =IF(B98=0,VLOOKUP(A98,Feuil2!$A$2:$M$1241,10,FALSE)," ") | O98: =IF(B98=0,VLOOKUP(A98,Feuil2!$A$2:$M$1241,13,FALSE)," ")
A99: 648 | B99: 3 | C99: MANSOUR | D99: HADIL | E99: 37097 | F99: F | G99: =IF(B99=0,VLOOKUP(A99,Feuil2!$A$2:$M$1241,11,FALSE)," ") | H99: C | I99: =IF(B99=0,VLOOKUP(A99,Feuil2!$A$2:$M$1241,7,FALSE)," ") | J99: =IF(B99=0,VLOOKUP(A99,Feuil2!$A$2:$M$1241,9,FALSE)," ") | K99: =IF(B99=0,VLOOKUP(A99,Feuil2!$A$2:$M$1241,10,FALSE)," ") | O99: =IF(B99=0,VLOOKUP(A99,Feuil2!$A$2:$M$1241,13,FALSE)," ")
A100: 648 | B100: 4 | C100: MANSOUR | D100: HANINE | E100: 37911 | F100: F | G100: =IF(B100=0,VLOOKUP(A100,Feuil2!$A$2:$M$1241,11,FALSE)," ") | H100: C | I100: =IF(B100=0,VLOOKUP(A100,Feuil2!$A$2:$M$1241,7,FALSE)," ") | J100: =IF(B100=0,VLOOKUP(A100,Feuil2!$A$2:$M$1241,9,FALSE)," ") | K100: =IF(B100=0,VLOOKUP(A100,Feuil2!$A$2:$M$1241,10,FALSE)," ") | O100: =IF(B100=0,VLOOKUP(A100,Feuil2!$A$2:$M$1241,13,FALSE)," ")
...

Sheet Feuil2
A1: 1 | B1: 2 | C1: 3 | D1: 4 | E1: 5 | F1: 6 | G1: 7 | H1: 8 | I1: 9 | J1: 10 | K1: 11 | L1: 12 | M1: 13
A2: Mle | B2: Nom | C2: Prenom | D2: Nom Père | E2: Nom mere | F2: Date naissance | G2: CIN | H2: CNSS | I2: Adresse | K2: S.F | L2: Sexe
A3: 9 | B3: BEL HEDI | C3: SALOUA | D3: NULL | E3: NULL | F3: NULL | G3: NULL | H3: NULL | I3: NULL | J3: NULL | K3: M | L3: NULL | M3: =VLOOKUP(A3,[1]MSAKEN!$A$1:$F$562,6,FALSE) -> #N/A
A4: 10 | B4: GHALI | C4: NEJIB | D4: NULL | E4: NULL | F4: 19244 | G4: 4027920 | H4: 1103813505 | I4: 112 Avenu Habib Bourguiba | J4: Teboulba | K4: M | L4: H | M4: =VLOOKUP(A4,[1]MSAKEN!$A$1:$F$562,6,FALSE) -> #N/A
A5: 13 | B5: EL OUAFI | C5: KAMEL | D5: NULL | E5: NULL | F5: NULL | G5: NULL | H5: NULL | I5: NULL | J5: NULL | K5: M | L5: NULL | M5: =VLOOKUP(A5,[1]MSAKEN!$A$1:$F$562,6,FALSE) -> #N/A
A6: 14 | B6: GHRAIEB | C6: SALEM | D6: NULL | E6: NULL | F6: NULL | G6: 22756 | H6: 0 | I6: NULL | J6: NULL | K6: M | L6: H | M6: =VLOOKUP(A6,[1]MSAKEN!$A$1:$F$562,6,FALSE) -> #N/A
A7: 15 | B7: ERNEZ | C7: ZOUHAIER | D7: NULL | E7: NULL | F7: 18803 | G7: 2956086 | H7: 1109266500 | I7: Rue El Houlel Essoundoussia Khezama Ouest | J7: Sousse | K7: M | L7: H | M7: =VLOOKUP(A7,[1]MSAKEN!$A$1:$F$562,6,FALSE) -> #N/A
A8: 16 | B8: LACHHAB | C8: HEDI | D8: NULL | E8: NULL | F8: 19595 | G8: 2930962 | H8: 1106329400 | I8: Rue de Khourtoum | J8: Msaken 4070 | K8: M | L8: H | M8: =VLOOKUP(A8,[1]MSAKEN!$A$1:$F$562,6,FALSE) -> #N/A
A9: 19 | B9: BOUCHAHDA | C9: MOHAMED LAMINE | D9: NULL | E9: NULL | F9: NULL | G9: NULL | H9: NULL | I9: NULL | J9: NULL | K9: NULL | L9: NULL | M9: =VLOOKUP(A9,[1]MSAKEN!$A$1:$F$562,6,FALSE) -> #N/A
A10: 21 | B10: REGAIEG | C10: MOHAMED TAIEB | D10: NULL | E10: NULL | F10: NULL | G10: 2858128 | H10: 91623900 | I10: 54 Rue du Martyr Ahmed Regaieg | J10: NULL | K10: M | L10: H | M10: =VLOOKUP(A10,[1]MSAKEN!$A$1:$F$562,6,FALSE) -> #N/A
A11: 22 | B11: HAMILA | C11: FAYCAL | D11: NULL | E11: NULL | F11: 20202 | G11: 2841277 | H11: 1109281905 | I11: 4, Rue Ahmed Chaouki | J11: Msaken 4070 | K11: M | L11: H | M11: =VLOOKUP(A11,[1]MSAKEN!$A$1:$F$562,6,FALSE) -> #N/A
A12: 23 | B12: RAZGALLAH | C12: MOHAMED HABIB | D12: Mahmoud | E12: Cherifa | F12: 20640 | G12: 2832555 | H12: 88722500 | I12: 6 Rue de la Garre | J12: Msaken 4070 | K12: M | L12: H | M12: =VLOOKUP(A12,[1]MSAKEN!$A$1:$F$562,6,FALSE) -> #N/A
A13: 24 | B13: DABBABI | C13: AFIFA | D13: NULL | E13: NULL | F13: 21089 | G13: 2892540 | H13: 88087300 | I13: Rue abdelaziz El Aroui Skanes | J13: Monastir | K13: M | L13: F | M13: =VLOOKUP(A13,[1]MSAKEN!$A$1:$F$562,6,FALSE) -> #N/A
A14: 27 | B14: HARIRA | C14: HEDI | D14: NULL | E14: NULL | F14: NULL | G14: 1907895 | H14: 85868600 | I14: P T T De Cherarda kairouan | J14: NULL | K14: M | L14: H | M14: =VLOOKUP(A14,[1]MSAKEN!$A$1:$F$562,6,FALSE) -> #N/A
A15: 30 | B15: TRAD | C15: AMOR | D15: NULL | E15: NULL | F15: NULL | G15: 351112 | H15: 1113506206 | I15: Rue de Koweit | J15: Msaken 4070 | K15: M | L15: H | M15: =VLOOKUP(A15,[1]MSAKEN!$A$1:$F$562,6,FALSE) -> #N/A
A16: 31 | B16: KOUADA | C16: ABDERRAHMEN | D16: NULL | E16: NULL | F16: 19698 | G16: 2859124 | H16: 865670 | I16: 26,Rue Ouifek | J16: Msaken 4070 | K16: M | L16: H | M16: =VLOOKUP(A16,[1]MSAKEN!$A$1:$F$562,6,FALSE) -> #N/A
A17: 32 | B17: BRAHAM | C17: BRAHIM | D17: NULL | E17: NULL | F17: 19588 | G17: 1896154 | H17: 90058600 | I17: 517 Rue 1er Juin | J17: Msaken 4070 | K17: M | L17: H | M17: =VLOOKUP(A17,[1]MSAKEN!$A$1:$F$562,6,FALSE) -> #N/A
A18: 36 | B18: BAYA | C18: ADEL | D18: Mohamed | E18: Aicha | F18: 23421 | G18: 2867586 | H18: 1113546400 | I18: 467 Rue 1er juin | J18: Msaken 4070 | K18: M | L18: H | M18: =VLOOKUP(A18,[1]MSAKEN!$A$1:$F$562,6,FALSE) -> 24010030679251100000
A19: 37 | B19: BOUGI | C19: SLAH | D19: Hassine | E19: Aicha | F19: 21793 | G19: 2862435 | H19: 1113540809 | I19: 32 Rue Mongi Bali | J19: Msaken 4070 | K19: M | L19: H | M19: =VLOOKUP(A19,[1]MSAKEN!$A$1:$F$562,6,FALSE) -> #N/A
A20: 38 | B20: CHATTI | C20: RIDHA | D20: Mohamed | E20: Aicha | F20: 21959 | G20: 2835379 | H20: 1113540700 | I20: 59 R Chikh Sadok Chatti | J20: Msaken 4070 | K20: M | L20: H | M20: =VLOOKUP(A20,[1]MSAKEN!$A$1:$F$562,6,FALSE) -> #N/A
A21: 39 | B21: GUEZGUEZ | C21: MUSTAHPA FAOUZI | D21: Mohamed | E21: Chadlya | F21: 21295 | G21: 2831826 | H21: 1101321600 | I21: 01 Rue Fess | J21: Msaken 4070 | K21: M | L21: H | M21: =VLOOKUP(A21,[1]MSAKEN!$A$1:$F$562,6,FALSE) -> #N/A
A22: 40 | B22: MAJDOUB | C22: HABIB | D22: Ibrahim | E22: Zohra | F22: 23012 | G22: 2814018 | H22: 1113546509 | I22: CitÃ© Ennour rue Marrakech | J22: Msaken 4070 | K22: M | L22: H | M22: =VLOOKUP(A22,[1]MSAKEN!$A$1:$F$562,6,FALSE) -> 08507000262002303810
A23: 42 | B23: SGHAIER | C23: TAHAR | D23: NULL | E23: NULL | F23: 17603 | G23: 358006 | H23: 1109575720 | I23: 28 Rue de Bizerte | J23: Msaken 4070 | K23: M | L23: H | M23: =VLOOKUP(A23,[1]MSAKEN!$A$1:$F$562,6,FALSE) -> #N/A
A24: 45 | B24: LANDOULSI | C24: ABDELMEJID | D24: NULL | E24: NULL | F24: 17843 | G24: 2952752 | H24: 1103944805 | I24: Route de Kairouan | J24: Msaken 4070 | K24: M | L24: H | M24: =VLOOKUP(A24,[1]MSAKEN!$A$1:$F$562,6,FALSE) -> #N/A
A25: 46 | B25: LAYOUNI | C25: ALI | D25: NULL | E25: NULL | F25: NULL | G25: 2830821 | H25: 0 | I25: 86 Rue1er juin | J25: Msaken 4070 | K25: M | L25: H | M25: =VLOOKUP(A25,[1]MSAKEN!$A$1:$F$562,6,FALSE) -> #N/A
A26: 48 | B26: GHACHEM | C26: MOHAMED RIDHA | D26: NULL | E26: NULL | F26: NULL | G26: 2834620 | H26: 0 | I26: NULL | J26: NULL | K26: M | L26: H | M26: =VLOOKUP(A26,[1]MSAKEN!$A$1:$F$562,6,FALSE) -> #N/A
A27: 50 | B27: JEDIDI | C27: DALENDA | D27: NULL | E27: NULL | F27: NULL | G27: NULL | H27: NULL | I27: NULL | J27: NULL | K27: M | L27: NULL | M27: =VLOOKUP(A27,[1]MSAKEN!$A$1:$F$562,6,FALSE) -> #N/A
A28: 52 | B28: FRIGUI | C28: MOHAMED | D28: NULL | E28: NULL | F28: 18669 | G28: 2841373 | H28: 92883300 | I28: Sousse | J28: Sousse | K28: M | L28: H | M28: =VLOOKUP(A28,[1]MSAKEN!$A$1:$F$562,6,FALSE) -> #N/A
A29: 53 | B29: BEN HMIDA | C29: MOUNIR | D29: NULL | E29: NULL | F29: NULL | G29: 2955164 | H29: 1104977002 | I29: 4 Rue Salah Hafsa | J29: Msaken 4070 | K29: M | L29: H | M29: =VLOOKUP(A29,[1]MSAKEN!$A$1:$F$562,6,FALSE) -> #N/A
A30: 55 | B30: GAMHA | C30: RACHIDA | D30: NULL | E30: NULL | F30: 19861 | G30: 2923773 | H30: 1114954306 | I30: 63 Rue 20 Mars | J30: Msaken 4070 | K30: M | L30: F | M30: =VLOOKUP(A30,[1]MSAKEN!$A$1:$F$562,6,FALSE) -> #N/A
A31: 56 | B31: KAIBI | C31: HEDI | D31: NULL | E31: NULL | F31: 17345 | G31: 2961712 | H31: 1112067507 | I31: 64 Rue de la mosquÃ© | J31: Msaken 4070 | K31: M | L31: H | M31: =VLOOKUP(A31,[1]MSAKEN!$A$1:$F$562,6,FALSE) -> #N/A
A32: 57 | B32: ZAGGAR | C32: MOHAMED | D32: NULL | E32: NULL | F32: 18910 | G32: 2819185 | H32: 77858700 | I32: 37 Rue martyr Salah Hafsa | J32: Msaken 4070 | K32: M | L32: H | M32: =VLOOKUP(A32,[1]MSAKEN!$A$1:$F$562,6,FALSE) -> #N/A
A33: 58 | B33: BEN HAMOUDA | C33: MONDHER | D33: Ali | E33: Cherifa | F33: 22824 | G33: 2933895 | H33: 1113528408 | I33: 158 Rue Imam El Mezri | J33: Msaken 4070 | K33: M | L33: H | M33: =VLOOKUP(A33,[1]MSAKEN!$A$1:$F$562,6,FALSE) -> 08507000262000767912
A34: 59 | B34: BEN MOHAMED | C34: BRAHIM | D34: NULL | E34: NULL | F34: NULL | G34: 353410 | H34: 1106173709 | I34: 4014 Knaies | J34: Knaies 4014 | K34: M | L34: H | M34: =VLOOKUP(A34,[1]MSAKEN!$A$1:$F$562,6,FALSE) -> #N/A
A35: 60 | B35: BOUHLEL | C35: LOTFI | D35: Mohamed | E35: Emna | F35: 21398 | G35: 2851619 | H35: 1112625502 | I35: 12 Rue des Oranges | J35: Msaken 4070 | K35: M | L35: H | M35: =VLOOKUP(A35,[1]MSAKEN!$A$1:$F$562,6,FALSE) -> #N/A
A36: 61 | B36: EL GARES | C36: MOHAMED | D36: NULL | E36: NULL | F36: 22767 | G36: 2943660 | H36: 1111565402 | I36: Rue naceur Bay R de la Cornich | J36: Sousse | K36: M | L36: H | M36: =VLOOKUP(A36,[1]MSAKEN!$A$1:$F$562,6,FALSE) -> #N/A
A37: 63 | B37: M'KHININI | C37: RIDHA | D37: NULL | E37: NULL | F37: 20848 | G37: 2840417 | H37: 1111324701 | I37: Rue Mustapha Kheraief | J37: Messadine 4013 | K37: M | L37: H | M37: =VLOOKUP(A37,[1]MSAKEN!$A$1:$F$562,6,FALSE) -> #N/A
A38: 67 | B38: DOURA | C38: KHEDIJA | D38: NULL | E38: NULL | F38: NULL | G38: 2873223 | H38: 77540100 | I38: Rue BÃ©chir Maarouf Bouraoui | J38: NULL | K38: V | L38: F | M38: =VLOOKUP(A38,[1]MSAKEN!$A$1:$F$562,6,FALSE) -> #N/A
A39: 68 | B39: KECHICHE | C39: BOURAOUI | D39: NULL | E39: NULL | F39: NULL | G39: 2963314 | H39: 1111599302 | I39: 225 R Habib Thameur | J39: Msaken 4070 | K39: M | L39: H | M39: =VLOOKUP(A39,[1]MSAKEN!$A$1:$F$562,6,FALSE) -> #N/A
A40: 70 | B40: ROMDHANE | C40: MOHAMED ABDDENNACEUR | D40: NULL | E40: NULL | F40: 20070 | G40: 2971134 | H40: 1112277601 | I40: 53 Rue Ahmed Regaieg | J40: Msaken 4070 | K40: M | L40: H | M40: =VLOOKUP(A40,[1]MSAKEN!$A$1:$F$562,6,FALSE) -> #N/A
A41: 71 | B41: SKHIRI | C41: FAOUZI | D41: NULL | E41: NULL | F41: NULL | G41: NULL | H41: NULL | I41: NULL | J41: NULL | K41: M | L41: H | M41: =VLOOKUP(A41,[1]MSAKEN!$A$1:$F$562,6,FALSE) -> #N/A
A42: 72 | B42: BEN ABDALLAH | C42: ALI | D42: NULL | E42: NULL | F42: NULL | G42: 2926570 | H42: 0 | I42: 142 RUE Khaireddine | J42: Msaken 4070 | K42: M | L42: H | M42: =VLOOKUP(A42,[1]MSAKEN!$A$1:$F$562,6,FALSE) -> #N/A
A43: 74 | B43: AFRIT | C43: HABIB | D43: NULL | E43: NULL | F43: 20485 | G43: NULL | H43: NULL | I43: NULL | J43: NULL | K43: M | L43: H | M43: =VLOOKUP(A43,[1]MSAKEN!$A$1:$F$562,6,FALSE) -> #N/A
A44: 75 | B44: TRAD | C44: LOTFI | D44: Mohamed | E44: Fatma | F44: 22364 | G44: 2937662 | H44: 89575700 | I44: 27 Rue Elkharrouba | J44: Msaken 4070 | K44: M | L44: H | M44: =VLOOKUP(A44,[1]MSAKEN!$A$1:$F$562,6,FALSE) -> #N/A
A45: 77 | B45: ZRELLI | C45: MOHAMED | D45: NULL | E45: NULL | F45: 20159 | G45: 2848734 | H45: 949980 | I45: Rue El Bassatine M'saken Ouest | J45: Msaken 4070 | K45: M | L45: H | M45: =VLOOKUP(A45,[1]MSAKEN!$A$1:$F$562,6,FALSE) -> #N/A
A46: 78 | B46: KHALIFA | C46: HAMED | D46: Abdessalem | E46: Chadlya | F46: 21204 | G46: 2838392 | H46: 1112957400 | I46: 62 Rue de l'indÃ©pendance | J46: Msaken 4070 | K46: M | L46: H | M46: =VLOOKUP(A46,[1]MSAKEN!$A$1:$F$562,6,FALSE) -> #N/A
A47: 79 | B47: HALLEB | C47: ABDERRAZEK | D47: NULL | E47: NULL | F47: 20875 | G47: 2837719 | H47: 1112784309 | I47: 333,Rue Ibn Charaf CitÃ© Erryad | J47: Sousse | K47: M | L47: H | M47: =VLOOKUP(A47,[1]MSAKEN!$A$1:$F$562,6,FALSE) -> #N/A
A48: 80 | B48: ZAHOUANI | C48: FOUED | D48: NULL | E48: NULL | F48: 18357 | G48: 2949803 | H48: 1112779101 | I48: 02, Rue Avicenne | J48: Messadine 4013 | K48: M | L48: H | M48: =VLOOKUP(A48,[1]MSAKEN!$A$1:$F$562,6,FALSE) -> #N/A
A49: 81 | B49: MEFTAH | C49: AMEUR | D49: NULL | E49: NULL | F49: 18907 | G49: 4005977 | H49: 63182900 | I49: 19 Avenu 20 Mars1956 | J49: Sousse | K49: M | L49: H | M49: =VLOOKUP(A49,[1]MSAKEN!$A$1:$F$562,6,FALSE) -> #N/A
A50: 83 | B50: ATROUSSE | C50: SAMIA | D50: NULL | E50: NULL | F50: 23578 | G50: 2967516 | H50: 1111436505 | I50: KNAIES | J50: Knaies 4014 | K50: M | L50: F | M50: =VLOOKUP(A50,[1]MSAKEN!$A$1:$F$562,6,FALSE) -> #N/A
A51: 84 | B51: DAHMANI | C51: BECHIR | D51: NULL | E51: NULL | F51: NULL | G51: 0 | H51: 0 | I51: NULL | J51: NULL | K51: M | L51: H | M51: =VLOOKUP(A51,[1]MSAKEN!$A$1:$F$562,6,FALSE) -> #N/A
A52: 85 | B52: GAZZAH | C52: ABDELKADER | D52: Salem | E52: NULL | F52: 21253 | G52: 2838050 | H52: 1113081804 | I52: NULL | J52: Msaken 4070 | K52: M | L52: H | M52: =VLOOKUP(A52,[1]MSAKEN!$A$1:$F$562,6,FALSE) -> #N/A
A53: 86 | B53: ABID | C53: FATMA | D53: Arbi | E53: Selma | F53: 22902 | G53: 2973273 | H53: 1112957301 | I53: 18 RUE ANABA | J53: Msaken 4070 | K53: M | L53: F | M53: =VLOOKUP(A53,[1]MSAKEN!$A$1:$F$562,6,FALSE) -> #N/A
A54: 90 | B54: BRAHAM | C54: MUSTAPHA | D54: NULL | E54: NULL | F54: 17216 | G54: 2820438 | H54: 1113528507 | I54: 20 Rue 9 Avril | J54: Msaken 4070 | K54: M | L54: H | M54: =VLOOKUP(A54,[1]MSAKEN!$A$1:$F$562,6,FALSE) -> #N/A
A55: 91 | B55: GUIRAT | C55: ZOHRA | D55: Hammouda | E55: Rekaya | F55: 22772 | G55: 2944406 | H55: 1113530008 | I55: Rue 9 Avril nÂ°5 | J55: Msaken 4070 | K55: M | L55: F | M55: =VLOOKUP(A55,[1]MSAKEN!$A$1:$F$562,6,FALSE) -> #N/A
A56: 92 | B56: YOUSSEF | C56: HABIB | D56: NULL | E56: NULL | F56: 19833 | G56: 2837424 | H56: 1113535007 | I56: NULL | J56: Msaken 4070 | K56: M | L56: H | M56: =VLOOKUP(A56,[1]MSAKEN!$A$1:$F$562,6,FALSE) -> #N/A
A57: 95 | B57: ACHOUR | C57: ALI | D57: NULL | E57: NULL | F57: 20140 | G57: 2815718 | H57: 1100064508 | I57: 2 Rue sidi Bel Hassen | J57: Msaken 4070 | K57: M | L57: H | M57: =VLOOKUP(A57,[1]MSAKEN!$A$1:$F$562,6,FALSE) -> #N/A
A58: 98 | B58: GAMHA | C58: MEHDI | D58: NULL | E58: NULL | F58: NULL | G58: NULL | H58: NULL | I58: NULL | J58: NULL | K58: M | L58: H | M58: =VLOOKUP(A58,[1]MSAKEN!$A$1:$F$562,6,FALSE) -> #N/A
A59: 99 | B59: BEL HADJ SGHAIER | C59: SAMIR | D59: NULL | E59: NULL | F59: NULL | G59: 2881549 | H59: 1108636000 | I59: 4 Rue Sourour | J59: NULL | K59: M | L59: H | M59: =VLOOKUP(A59,[1]MSAKEN!$A$1:$F$562,6,FALSE) -> #N/A
A60: 100 | B60: JARRAR | C60: JALEL BEN ALI | D60: Ali | E60: Emna | F60: 23125 | G60: 2961061 | H60: 1108625904 | I60: 55 Route de Sfax | J60: Msaken 4070 | K60: M | L60: H | M60: =VLOOKUP(A60,[1]MSAKEN!$A$1:$F$562,6,FALSE) -> 11020002050700878842
A61: 103 | B61: BABAY ROUIS | C61: HAMADI | D61: Fredj | E61: Mannena | F61: 21354 | G61: 2809107 | H61: 1103481402 | I61: 370 Rue Farhat Hached | J61: Msaken 4070 | K61: M | L61: H | M61: =VLOOKUP(A61,[1]MSAKEN!$A$1:$F$562,6,FALSE) -> #N/A
A62: 106 | B62: ROUIS | C62: NACEUR | D62: Mohamed | E62: NULL | F62: 21132 | G62: 2887247 | H62: 1114782301 | I62: 103,Rue HÃ©di Chaker | J62: Msaken 4070 | K62: M | L62: H | M62: =VLOOKUP(A62,[1]MSAKEN!$A$1:$F$562,6,FALSE) -> #N/A
A63: 108 | B63: RAZGALLAH | C63: MOHAMED ANOUAR | D63: NULL | E63: NULL | F63: 20616 | G63: NULL | H63: NULL | I63: NULL | J63: NULL | K63: M | L63: H | M63: =VLOOKUP(A63,[1]MSAKEN!$A$1:$F$562,6,FALSE) -> #N/A
A64: 113 | B64: GAIECH | C64: MONCEF | D64: NULL | E64: NULL | F64: 21974 | G64: 2888041 | H64: 1116029107 | I64: 54, Rue du Caire | J64: Msaken 4070 | K64: M | L64: H | M64: =VLOOKUP(A64,[1]MSAKEN!$A$1:$F$562,6,FALSE) -> #N/A
A65: 114 | B65: TOUILA | C65: BECHIR | D65: NULL | E65: NULL | F65: NULL | G65: 265962 | H65: 0 | I65: Rue Aziza Othmana | J65: Msaken 4070 | K65: M | L65: H | M65: =VLOOKUP(A65,[1]MSAKEN!$A$1:$F$562,6,FALSE) -> #N/A
A66: 115 | B66: GUIRAT | C66: SALAH | D66: Hammouda | E66: Rekaya | F66: 23879 | G66: 2966986 | H66: 1109985000 | I66: 5 Rue 9 Avril | J66: Msaken 4070 | K66: M | L66: H | M66: =VLOOKUP(A66,[1]MSAKEN!$A$1:$F$562,6,FALSE) -> 10506040202912978808
A67: 116 | B67: BEN HAMOUDA | C67: SAIDA | D67: Hassine | E67: Malika | F67: 22813 | G67: 2975530 | H67: 1113527400 | I67: 191, Rue Babel Sahloul I | J67: Sousse | K67: M | L67: F | M67: =VLOOKUP(A67,[1]MSAKEN!$A$1:$F$562,6,FALSE) -> #N/A
A68: 117 | B68: MEDIMEGH | C68: HAYET | D68: Mohamed | E68: Bchira | F68: 20705 | G68: 2801467 | H68: 1124889005 | I68: NULL | J68: NULL | K68: M | L68: F | M68: =VLOOKUP(A68,[1]MSAKEN!$A$1:$F$562,6,FALSE) -> #N/A
A69: 118 | B69: BOUKADDIDA | C69: MOHAMED | D69: Othmen | E69: Emna | F69: 23159 | G69: 2947439 | H69: 1116028208 | I69: 9 Rue Salah Hafsa | J69: Msaken 4070 | K69: M | L69: H | M69: =VLOOKUP(A69,[1]MSAKEN!$A$1:$F$562,6,FALSE) -> #N/A
A70: 120 | B70: DOURA | C70: M'HAMED | D70: NULL | E70: NULL | F70: NULL | G70: 253571 | H70: 0 | I70: 650Rue El Azhar | J70: Msaken 4070 | K70: M | L70: H | M70: =VLOOKUP(A70,[1]MSAKEN!$A$1:$F$562,6,FALSE) -> #N/A
A71: 123 | B71: EL HANDOUS | C71: MOHAMED | D71: NULL | E71: NULL | F71: 21227 | G71: NULL | H71: NULL | I71: NULL | J71: NULL | K71: M | L71: H | M71: =VLOOKUP(A71,[1]MSAKEN!$A$1:$F$562,6,FALSE) -> #N/A
A72: 124 | B72: HAFSIA ALI | C72: KAMEL | D72: NULL | E72: NULL | F72: NULL | G72: 2958545 | H72: 0 | I72: Rue des villa | J72: Sousse | K72: D | L72: H | M72: =VLOOKUP(A72,[1]MSAKEN!$A$1:$F$562,6,FALSE) -> #N/A
A73: 128 | B73: EL ABED | C73: MOHAMED HABIB | D73: NULL | E73: NULL | F73: NULL | G73: 2978076 | H73: 1118936309 | I73: Sidi Abar | J73: Msaken 4070 | K73: M | L73: H | M73: =VLOOKUP(A73,[1]MSAKEN!$A$1:$F$562,6,FALSE) -> #N/A
A74: 130 | B74: GUEZGUEZ | C74: ABDALLAH | D74: NULL | E74: NULL | F74: NULL | G74: 2861079 | H74: 0 | I74: Rue 20Mars prÃ©s du lycÃ©e | J74: Msaken 4070 | K74: M | L74: H | M74: =VLOOKUP(A74,[1]MSAKEN!$A$1:$F$562,6,FALSE) -> #N/A
A75: 133 | B75: LOGHMARI | C75: NABIL | D75: NULL | E75: NULL | F75: 23436 | G75: 2948597 | H75: 1118210101 | I75: 46 Rue Ezzouhour | J75: Msaken 4070 | K75: M | L75: H | M75: =VLOOKUP(A75,[1]MSAKEN!$A$1:$F$562,6,FALSE) -> #N/A
A76: 134 | B76: JARRAR | C76: JALEL | D76: NULL | E76: NULL | F76: 22389 | G76: 2844703 | H76: 1118117108 | I76: 52, Rue HÃ©di Khefacha CitÃ© Erriadh | J76: Sousse | K76: M | L76: H | M76: =VLOOKUP(A76,[1]MSAKEN!$A$1:$F$562,6,FALSE) -> 08507000262000577307
A77: 141 | B77: AMIMI | C77: ABDELMEJID | D77: Mohamed | E77: Khedija | F77: 23769 | G77: 2952132 | H77: 1119537700 | I77: 90 Rue Rekeb | J77: Msaken 4070 | K77: M | L77: H | M77: =VLOOKUP(A77,[1]MSAKEN!$A$1:$F$562,6,FALSE) -> #N/A
A78: 143 | B78: BEN SALEM | C78: ABDELWAHEB | D78: Ahmed | E78: Aouicha | F78: 22864 | G78: 2944723 | H78: 1129218002 | I78: 9 Rue El Kods | J78: Msaken 4070 | K78: M | L78: H | M78: =VLOOKUP(A78,[1]MSAKEN!$A$1:$F$562,6,FALSE) -> #N/A
A79: 144 | B79: DHIFALLAH | C79: MOHAMED | D79: Hassen | E79: Halima | F79: 23201 | G79: 2950029 | H79: 1119215604 | I79: CitÃ© Farhat Hached NÂ°30 Bouhssina | J79: Sousse | K79: M | L79: H | M79: =VLOOKUP(A79,[1]MSAKEN!$A$1:$F$562,6,FALSE) -> 14500500100702065864
A80: 145 | B80: GAZZAH | C80: MAHMOUD | D80: Abdelhamid | E80: Mannena | F80: 23476 | G80: 2951833 | H80: 1119209706 | I80: 17 Rue Sidi Bel Hassen | J80: Msaken 4070 | K80: M | L80: H | M80: =VLOOKUP(A80,[1]MSAKEN!$A$1:$F$562,6,FALSE) -> 10506040202801378853
A81: 148 | B81: SLAMA | C81: FAOUZI | D81: NULL | E81: NULL | F81: 22322 | G81: 2940769 | H81: 1119616405 | I81: 4015 BORJINE | J81: Borjine 4015 | K81: M | L81: H | M81: =VLOOKUP(A81,[1]MSAKEN!$A$1:$F$562,6,FALSE) -> #N/A
A82: 149 | B82: BAYA | C82: HABIB | D82: Younes | E82: Bchira | F82: 21839 | G82: 2870136 | H82: 1119217303 | I82: Rue Kef | J82: Msaken 4070 | K82: M | L82: H | M82: =VLOOKUP(A82,[1]MSAKEN!$A$1:$F$562,6,FALSE) -> #N/A
A83: 150 | B83: KHALFALLAH | C83: SALAH | D83: NULL | E83: NULL | F83: 20874 | G83: 2816832 | H83: 1104968407 | I83: 108 Rue Mohamed Ali | J83: Msaken 4070 | K83: M | L83: H | M83: =VLOOKUP(A83,[1]MSAKEN!$A$1:$F$562,6,FALSE) -> #N/A
A84: 151 | B84: BAILI | C84: LOTFI | D84: NULL | E84: NULL | F84: 21227 | G84: 100708 | H84: 95411100 | I84: 56 Rue Martyr Ahmed Regaieg | J84: Msaken 4070 | K84: M | L84: H | M84: =VLOOKUP(A84,[1]MSAKEN!$A$1:$F$562,6,FALSE) -> #N/A
A85: 152 | B85: NABLI | C85: SADOK | D85: NULL | E85: NULL | F85: 18907 | G85: 4122952 | H85: 87725100 | I85: Rue Mohamed Salah Sayadi Essouani | J85: Monastir | K85: M | L85: H | M85: =VLOOKUP(A85,[1]MSAKEN!$A$1:$F$562,6,FALSE) -> #N/A
A86: 154 | B86: MANSOURI | C86: OTHMEN | D86: NULL | E86: NULL | F86: 17938 | G86: 1519910 | H86: 54836400 | I86: 72 Rue Yahia Ibn Omar | J86: Msaken 4070 | K86: M | L86: H | M86: =VLOOKUP(A86,[1]MSAKEN!$A$1:$F$562,6,FALSE) -> #N/A
... A88: 156 | B88: BEN HAMMOUDA | C88: NOURI | D88: Ali | E88: Khedija | F88: 21912 | G88: 2861628 | H88: 1110104203 | I88: 54 rue Khaled Ibn El Walid | J88: Msaken 4070 | K88: M | L88: H | M88: =VLOOKUP(A88,[1]MSAKEN!$A$1:$F$562,6,FALSE) -> #N/A
A89: 160 | B89: EL ABED | C89: HABIB | D89: NULL | E89: NULL | F89: NULL | G89: 2848438 | H89: 1119858601 | I89: 78 Route de Sfax | J89: Msaken 4070 | K89: M | L89: H | M89: =VLOOKUP(A89,[1]MSAKEN!$A$1:$F$562,6,FALSE) -> #N/A
A90: 161 | B90: MRIZEK | C90: KAMEL | D90: Amor | E90: Zohra | F90: 22616 | G90: 2885675 | H90: 1119652905 | I90: 74 CitÃ© Ettaamir | J90: Sousse | K90: M | L90: H | M90: =VLOOKUP(A90,[1]MSAKEN!$A$1:$F$562,6,FALSE) -> #N/A
A91: 163 | B91: BEN ATA | C91: HABIB | D91: NULL | E91: NULL | F91: 21609 | G91: 357049 | H91: 1119217501 | I91: Knaies 4014 | J91: Knaies 4014 | K91: M | L91: H | M91: =VLOOKUP(A91,[1]MSAKEN!$A$1:$F$562,6,FALSE) -> #N/A
A92: 164 | B92: MAALOUL | C92: ABDELLATIF | D92: NULL | E92: NULL | F92: NULL | G92: 2027827 | H92: 0 | I92: NULL | J92: NULL | K92: M | L92: H | M92: =VLOOKUP(A92,[1]MSAKEN!$A$1:$F$562,6,FALSE) -> #N/A
A93: 166 | B93: GRASSA | C93: ABDELHAMID | D93: Salah | E93: Fatma | F93: 23076 | G93: 2949536 | H93: 1115292201 | I93: 67 Rue Tazerka | J93: Msaken 4070 | K93: M | L93: H | M93: =VLOOKUP(A93,[1]MSAKEN!$A$1:$F$562,6,FALSE) -> 10506040202842478820
A94: 167 | B94: MLAYAH | C94: KHALED | D94: Youssef | E94: Bouraouia | F94: 21055 | G94: 2805772 | H94: 1119571402 | I94: 90 Route de Sfax | J94: Msaken 4070 | K94: M | L94: H | M94: =VLOOKUP(A94,[1]MSAKEN!$A$1:$F$562,6,FALSE) -> #N/A
A95: 170 | B95: BEN TKAIA | C95: FATHI | D95: NULL | E95: NULL | F95: 23430 | G95: 4151003 | H95: 1119428900 | I95: 8 R Ameur Bayoudh | J95: Teboulba | K95: M | L95: H | M95: =VLOOKUP(A95,[1]MSAKEN!$A$1:$F$562,6,FALSE) -> #N/A
A96: 171 | B96: BEN SALEM | C96: AHMED | D96: Mohamed | E96: NULL | F96: 20584 | G96: 460074 | H96: 1113547606 | I96: CitÃ© Ennour | J96: Msaken 4070 | K96: M | L96: H | M96: =VLOOKUP(A96,[1]MSAKEN!$A$1:$F$562,6,FALSE) -> #N/A
A97: 174 | B97: GUEZGUEZ | C97: LOTFI | D97: NULL | E97: NULL | F97: 22083 | G97: 2924209 | H97: 1104623101 | I97: 2 R Salah Hafsa | J97: Msaken 4070 | K97: M | L97: H | M97: =VLOOKUP(A97,[1]MSAKEN!$A$1:$F$562,6,FALSE) -> #N/A
A98: 175 | B98: KHADRI | C98: OTHMEN | D98: NULL | E98: NULL | F98: 18541 | G98: 2253475 | H98: 1119558508 | I98: 39 Av Houcine Ben Ali Erryadh | J98: Sousse | K98: D | L98: H | M98: =VLOOKUP(A98,[1]MSAKEN!$A$1:$F$562,6,FALSE) -> #N/A
A99: 176 | B99: BOUAOUINA | C99: SADOK | D99: NULL | E99: NULL | F99: NULL | G99: 2859905 | H99: 90713600 | I99: 4 Rue Med Ali | J99: Sousse | K99: M | L99: H | M99: =VLOOKUP(A99,[1]MSAKEN!$A$1:$F$562,6,FALSE) -> #N/A
A100: 180 | B100: ATA | C100: MUSTAPHA | D100: NULL | E100: NULL | F100: 19681 | G100: 2827110 | H100: 1123338400 | I100: Knaies 4014 | J100: Knaies 4014 | K100: M | L100: H | M100: =VLOOKUP(A100,[1]MSAKEN!$A$1:$F$562,6,FALSE) -> #N/A
A101: 181 | B101: GRAA | C101: RIADH | D101: Mohamed | E101: Rafika | F101: 23278 | G101: 2947138 | H101: 1120365000 | I101: 95 Rue Chikh Ladhari | J101: Msaken 4070 | K101: M | L101: H | M101: =VLOOKUP(A101,[1]MSAKEN!$A$1:$F$562,6,FALSE) -> #N/A
...

Sheet Feuil3
A1: S/D RH-RP USINE DE MSAKEN
C2: ASSURANCE GROUPE
A3: CHANGEMENT DES BENEFICIAIRES EN CAS
C4: DE DECES
A6: MLE | C6: NOM | D6: PRENOM | E6: OBSERVATION
A7: 36 | B7: 0 | C7: =IF(B7=0,VLOOKUP(A7,Feuil2!$A$2:$M$1241,2,FALSE)," ") -> BAYA | D7: =IF(B7=0,VLOOKUP(A7,Feuil2!$A$2:$M$1241,3,FALSE)," ") -> ADEL | E7: OK
A8: 58 | B8: 0 | C8: =IF(B8=0,VLOOKUP(A8,Feuil2!$A$2:$M$1241,2,FALSE)," ") -> BEN HAMOUDA | D8: =IF(B8=0,VLOOKUP(A8,Feuil2!$A$2:$M$1241,3,FALSE)," ") -> MONDHER | E8: OK
A9: 100 | B9: 0 | C9: =IF(B9=0,VLOOKUP(A9,Feuil2!$A$2:$M$1241,2,FALSE)," ") -> JARRAR | D9: =IF(B9=0,VLOOKUP(A9,Feuil2!$A$2:$M$1241,3,FALSE)," ") -> JALEL BEN ALI | E9: OK
A10: 144 | B10: 0 | C10: =IF(B10=0,VLOOKUP(A10,Feuil2!$A$2:$M$1241,2,FALSE)," ") -> DHIFALLAH | D10: =IF(B10=0,VLOOKUP(A10,Feuil2!$A$2:$M$1241,3,FALSE)," ") -> MOHAMED | E10: OK
A11: 145 | B11: 0 | C11: =IF(B11=0,VLOOKUP(A11,Feuil2!$A$2:$M$1241,2,FALSE)," ") -> GAZZAH | D11: =IF(B11=0,VLOOKUP(A11,Feuil2!$A$2:$M$1241,3,FALSE)," ") -> MAHMOUD | E11: OK
A12: 166 | B12: 0 | C12: =IF(B12=0,VLOOKUP(A12,Feuil2!$A$2:$M$1241,2,FALSE)," ") -> GRASSA | D12: =IF(B12=0,VLOOKUP(A12,Feuil2!$A$2:$M$1241,3,FALSE)," ") -> ABDELHAMID | E12: OK
A13: 212 | B13: 0 | C13: =IF(B13=0,VLOOKUP(A13,Feuil2!$A$2:$M$1241,2,FALSE)," ") -> BOUHLEL | D13: =IF(B13=0,VLOOKUP(A13,Feuil2!$A$2:$M$1241,3,FALSE)," ") -> BECHIR | E13: OK
A14: 369 | B14: 0 | C14: =IF(B14=0,VLOOKUP(A14,Feuil2!$A$2:$M$1241,2,FALSE)," ") -> KECHICHE | D14: =IF(B14=0,VLOOKUP(A14,Feuil2!$A$2:$M$1241,3,FALSE)," ") -> BECHIR | E14: OK
A15: 480 | B15: 0 | C15: =IF(B15=0,VLOOKUP(A15,Feuil2!$A$2:$M$1241,2,FALSE)," ") -> TOUMI | D15: =IF(B15=0,VLOOKUP(A15,Feuil2!$A$2:$M$1241,3,FALSE)," ") -> CHOKRI | E15: OK
A16: 482 | B16: 0 | C16: =IF(B16=0,VLOOKUP(A16,Feuil2!$A$2:$M$1241,2,FALSE)," ") -> MAATOUG | D16: =IF(B16=0,VLOOKUP(A16,Feuil2!$A$2:$M$1241,3,FALSE)," ") -> HMAIED | E16: OK
A17: 497 | B17: 0 | C17: =IF(B17=0,VLOOKUP(A17,Feuil2!$A$2:$M$1241,2,FALSE)," ") -> BEN ABDALLAH | D17: =IF(B17=0,VLOOKUP(A17,Feuil2!$A$2:$M$1241,3,FALSE)," ") -> TAOUFIK | E17: OK
A18: 498 | B18: 0 | C18: =IF(B18=0,VLOOKUP(A18,Feuil2!$A$2:$M$1241,2,FALSE)," ") -> DHIB | D18: =IF(B18=0,VLOOKUP(A18,Feuil2!$A$2:$M$1241,3,FALSE)," ") -> TAOUFIK | E18: OK
... A234: 1829 | B234: 0 | C234: =IF(B234=0,VLOOKUP(A234,Feuil2!$A$2:$M$1241,2,FALSE)," ") -> ATROUS | D234: =IF(B234=0,VLOOKUP(A234,Feuil2!$A$2:$M$1241,3,FALSE)," ") -> ANIS | E234: OK
A235: 1830 | B235: 0 | C235: =IF(B235=0,VLOOKUP(A235,Feuil2!$A$2:$M$1241,2,FALSE)," ") -> LOURIMI | D235: ABDALLAH | E235: OK
A236: 1831 | B236: 0 | C236: =IF(B236=0,VLOOKUP(A236,Feuil2!$A$2:$M$1241,2,FALSE)," ") -> KEMIMECH | D236: =IF(B236=0,VLOOKUP(A236,Feuil2!$A$2:$M$1241,3,FALSE)," ") -> MOHAMED BEN MOHAMED | E236: OK
A237: 1832 | B237: 0 | C237: =IF(B237=0,VLOOKUP(A237,Feuil2!$A$2:$M$1241,2,FALSE)," ") -> ERGUEZ | D237: =IF(B237=0,VLOOKUP(A237,Feuil2!$A$2:$M$1241,3,FALSE)," ") -> MEJDI | E237: OK
A238: 1833 | B238: 0 | C238: =IF(B238=0,VLOOKUP(A238,Feuil2!$A$2:$M$1241,2,FALSE)," ") -> BOUZAABIA | D238: =IF(B238=0,VLOOKUP(A238,Feuil2!$A$2:$M$1241,3,FALSE)," ") -> MOHAMED | E238: OK
A239: 1834 | B239: 0 | C239: =IF(B239=0,VLOOKUP(A239,Feuil2!$A$2:$M$1241,2,FALSE)," ") -> SMIDA | D239: =IF(B239=0,VLOOKUP(A239,Feuil2!$A$2:$M$1241,3,FALSE)," ") -> ZIED | E239: OK
A240: 1835 | B240: 0 | C240: =IF(B240=0,VLOOKUP(A240,Feuil2!$A$2:$M$1241,2,FALSE)," ") -> KRIFA | D240: =IF(B240=0,VLOOKUP(A240,Feuil2!$A$2:$M$1241,3,FALSE)," ") -> MOHAMED KAMEL | E240: OK
A241: 1836 | B241: 0 | C241: =IF(B241=0,VLOOKUP(A241,Feuil2!$A$2:$M$1241,2,FALSE)," ") -> BEN KALIA | D241: =IF(B241=0,VLOOKUP(A241,Feuil2!$A$2:$M$1241,3,FALSE)," ") -> LOTFI | E241: OK
A242: 1837 | B242: 0 | C242: =IF(B242=0,VLOOKUP(A242,Feuil2!$A$2:$M$1241,2,FALSE)," ") -> SLAMA | D242: =IF(B242=0,VLOOKUP(A242,Feuil2!$A$2:$M$1241,3,FALSE)," ") -> SALEM | E242: OK
A243: 1839 | B243: 0 | C243: =IF(B243=0,VLOOKUP(A243,Feuil2!$A$2:$M$1241,2,FALSE)," ") -> TERZEGUE | D243: =IF(B243=0,VLOOKUP(A243,Feuil2!$A$2:$M$1241,3,FALSE)," ") -> FERID | E243: OK
A244: 1842 | B244: 0 | C244: =IF(B244=0,VLOOKUP(A244,Feuil2!$A$2:$M$1241,2,FALSE)," ") -> SAKKA ROUIS | D244: =IF(B244=0,VLOOKUP(A244,Feuil2!$A$2:$M$1241,3,FALSE)," ") -> SAMI | E244: OK
A245: 1846 | B245: 0 | C245: =IF(B245=0,VLOOKUP(A245,Feuil2!$A$2:$M$1241,2,FALSE)," ") -> ROMDHANI | D245: =IF(B245=0,VLOOKUP(A245,Feuil2!$A$2:$M$1241,3,FALSE)," ") -> SAMI | E245: OK
A246: 1849 | B246: 0 | C246: =IF(B246=0,VLOOKUP(A246,Feuil2!$A$2:$M$1241,2,FALSE)," ") -> GANHOUBA | D246: =IF(B246=0,VLOOKUP(A246,Feuil2!$A$2:$M$1241,3,FALSE)," ") -> MEHDI | E246: OK
A247: 1851 | B247: 0 | C247: =IF(B247=0,VLOOKUP(A247,Feuil2!$A$2:$M$1241,2,FALSE)," ") -> ATTIA | D247: =IF(B247=0,VLOOKUP(A247,Feuil2!$A$2:$M$1241,3,FALSE)," ") -> FAYCAL | E247: OK
... A277: 1914 | B277: 0 | C277: =IF(B277=0,VLOOKUP(A277,Feuil2!$A$2:$M$1241,2,FALSE)," ") -> EL FKIH | D277: =IF(B277=0,VLOOKUP(A277,Feuil2!$A$2:$M$1241,3,FALSE)," ") -> LAMJED | E277: OK
A278: 1915 | B278: 0 | C278: BEN ABDALLAH | D278: =IF(B278=0,VLOOKUP(A278,Feuil2!$A$2:$M$1241,3,FALSE)," ") -> MOHAMED SALAH | E278: OK
A279: 1916 | B279: 0 | C279: =IF(B279=0,VLOOKUP(A279,Feuil2!$A$2:$M$1241,2,FALSE)," ") -> MANSOUR | D279: =IF(B279=0,VLOOKUP(A279,Feuil2!$A$2:$M$1241,3,FALSE)," ") -> NEJI | E279: OK
A280: 1917 | B280: 0 | C280: =IF(B280=0,VLOOKUP(A280,Feuil2!$A$2:$M$1241,2,FALSE)," ") -> HAMILA | D280: =IF(B280=0,VLOOKUP(A280,Feuil2!$A$2:$M$1241,3,FALSE)," ") -> JAMEL | E280: OK
A281: 1918 | B281: 0 | C281: =IF(B281=0,VLOOKUP(A281,Feuil2!$A$2:$M$1241,2,FALSE)," ") -> BOURIGUA | D281: =IF(B281=0,VLOOKUP(A281,Feuil2!$A$2:$M$1241,3,FALSE)," ") -> MOHAMED ALI | E281: OK
A282: 1919 | B282: 0 | C282: =IF(B282=0,VLOOKUP(A282,Feuil2!$A$2:$M$1241,2,FALSE)," ") -> SOUA LAYOUNI | D282: =IF(B282=0,VLOOKUP(A282,Feuil2!$A$2:$M$1241,3,FALSE)," ") -> MOHAMED | E282: OK
A283: 1921 | B283: 0 | C283: =IF(B283=0,VLOOKUP(A283,Feuil2!$A$2:$M$1241,2,FALSE)," ") -> HNIA | D283: =IF(B283=0,VLOOKUP(A283,Feuil2!$A$2:$M$1241,3,FALSE)," ") -> SAHNOUN | E283: OK
A284: 1922 | B284: 0 | C284: =IF(B284=0,VLOOKUP(A284,Feuil2!$A$2:$M$1241,2,FALSE)," ") -> MAHJOUB | D284: =IF(B284=0,VLOOKUP(A284,Feuil2!$A$2:$M$1241,3,FALSE)," ") -> FAKER | E284: OK
A285: 1923 | B285: 0 | C285: =IF(B285=0,VLOOKUP(A285,Feuil2!$A$2:$M$1241,2,FALSE)," ") -> BOUAZZA | D285: =IF(B285=0,VLOOKUP(A285,Feuil2!$A$2:$M$1241,3,FALSE)," ") -> WALID | E285: OK
A286: 1924 | B286: 0 | C286: =IF(B286=0,VLOOKUP(A286,Feuil2!$A$2:$M$1241,2,FALSE)," ") -> BRAHIM | D286: =IF(B286=0,VLOOKUP(A286,Feuil2!$A$2:$M$1241,3,FALSE)," ") -> Wahiba | E286: OK
A287: 1925 | B287: 0 | C287: =IF(B287=0,VLOOKUP(A287,Feuil2!$A$2:$M$1241,2,FALSE)," ") -> HACHICHA | D287: =IF(B287=0,VLOOKUP(A287,Feuil2!$A$2:$M$1241,3,FALSE)," ") -> MOHAMED | E287: OK
A288: 1927 | B288: 0 | C288: =IF(B288=0,VLOOKUP(A288,Feuil2!$A$2:$M$1241,2,FALSE)," ") -> BEN HAMMOUDA | D288: =IF(B288=0,VLOOKUP(A288,Feuil2!$A$2:$M$1241,3,FALSE)," ") -> AYMEN | E288: OK
A289: 1928 | B289: 0 | C289: =IF(B289=0,VLOOKUP(A289,Feuil2!$A$2:$M$1241,2,FALSE)," ") -> ZAGGAR | D289: =IF(B289=0,VLOOKUP(A289,Feuil2!$A$2:$M$1241,3,FALSE)," ") -> JAMEL | E289: OK
A290: 1929 | B290: 0 | C290: =IF(B290=0,VLOOKUP(A290,Feuil2!$A$2:$M$1241,2,FALSE)," ") -> DAHMANI | D290: =IF(B290=0,VLOOKUP(A290,Feuil2!$A$2:$M$1241,3,FALSE)," ") -> HAMDI | E290: OK
... A296: 1955 | B296: 0 | C296: =IF(B296=0,VLOOKUP(A296,Feuil2!$A$2:$M$1241,2,FALSE)," ") -> OMRAMNE | D296: =IF(B296=0,VLOOKUP(A296,Feuil2!$A$2:$M$1241,3,FALSE)," ") -> HAMMOUDA | E296: OK
A297: 1956 | B297: 0 | C297: BEN AOUANA | D297: =IF(B297=0,VLOOKUP(A297,Feuil2!$A$2:$M$1241,3,FALSE)," ") -> NEJI | E297: OK
A298: 1957 | B298: 0 | C298: =IF(B298=0,VLOOKUP(A298,Feuil2!$A$2:$M$1241,2,FALSE)," ") -> ZID | D298: =IF(B298=0,VLOOKUP(A298,Feuil2!$A$2:$M$1241,3,FALSE)," ") -> AHMED | E298: OK
A299: 1961 | B299: 0 | C299: =IF(B299=0,VLOOKUP(A299,Feuil2!$A$2:$M$1241,2,FALSE)," ") -> HEDFI | D299: =IF(B299=0,VLOOKUP(A299,Feuil2!$A$2:$M$1241,3,FALSE)," ") -> ANIS | E299: OK
A300: 1962 | B300: 0 | C300: =IF(B300=0,VLOOKUP(A300,Feuil2!$A$2:$M$1241,2,FALSE)," ") -> HADDAJI | D300: =IF(B300=0,VLOOKUP(A300,Feuil2!$A$2:$M$1241,3,FALSE)," ") -> ELYES | E300: OK
A301: 1969 | B301: 0 | C301: =IF(B301=0,VLOOKUP(A301,Feuil2!$A$2:$M$1241,2,FALSE)," ") -> BOUKADDIDA | D301: =IF(B301=0,VLOOKUP(A301,Feuil2!$A$2:$M$1241,3,FALSE)," ") -> MEHREZ | E301: OK
A302: 1973 | B302: 0 | C302: =IF(B302=0,VLOOKUP(A302,Feuil2!$A$2:$M$1241,2,FALSE)," ") -> EL ABED | D302: =IF(B302=0,VLOOKUP(A302,Feuil2!$A$2:$M$1241,3,FALSE)," ") -> AMIRA | E302: OK
A303: 1974 | B303: 0 | C303: =IF(B303=0,VLOOKUP(A303,Feuil2!$A$2:$M$1241,2,FALSE)," ") -> GUELLIME | D303: =IF(B303=0,VLOOKUP(A303,Feuil2!$A$2:$M$1241,3,FALSE)," ") -> MONDHER | E303: OK
A304: 1978 | B304: 0 | C304: =IF(B304=0,VLOOKUP(A304,Feuil2!$A$2:$M$1241,2,FALSE)," ") -> MAHJOUB | D304: =IF(B304=0,VLOOKUP(A304,Feuil2!$A$2:$M$1241,3,FALSE)," ") -> AHMED | E304: OK
A305: 1979 | B305: 0 | C305: =IF(B305=0,VLOOKUP(A305,Feuil2!$A$2:$M$1241,2,FALSE)," ") -> LANDOULSI | D305: =IF(B305=0,VLOOKUP(A305,Feuil2!$A$2:$M$1241,3,FALSE)," ") -> MOHAMED SAHBI | E305: OK
A306: 1980 | B306: 0 | C306: =IF(B306=0,VLOOKUP(A306,Feuil2!$A$2:$M$1241,2,FALSE)," ") -> MLAYEH | D306: =IF(B306=0,VLOOKUP(A306,Feuil2!$A$2:$M$1241,3,FALSE)," ") -> YOUSSEF | E306: OK
A307: 1981 | B307: 0 | C307: =IF(B307=0,VLOOKUP(A307,Feuil2!$A$2:$M$1241,2,FALSE)," ") -> GAALOUL | D307: =IF(B307=0,VLOOKUP(A307,Feuil2!$A$2:$M$1241,3,FALSE)," ") -> MAROUAN | E307: OK
A308: 1983 | B308: 0 | C308: =IF(B308=0,VLOOKUP(A308,Feuil2!$A$2:$M$1241,2,FALSE)," ") -> GOUIDER | D308: =IF(B308=0,VLOOKUP(A308,Feuil2!$A$2:$M$1241,3,FALSE)," ") -> SLAHEDDINE | E308: OK
A309: 1987 | B309: 0 | C309: =IF(B309=0,VLOOKUP(A309,Feuil2!$A$2:$M$1241,2,FALSE)," ") -> BAYA | D309: =IF(B309=0,VLOOKUP(A309,Feuil2!$A$2:$M$1241,3,FALSE)," ") -> SAIFEDDINE | E309: OK
... A326: 2040 | B326: 0 | C326: =IF(B326=0,VLOOKUP(A326,Feuil2!$A$2:$M$1241,2,FALSE)," ") -> GHEZAL | D326: =IF(B326=0,VLOOKUP(A326,Feuil2!$A$2:$M$1241,3,FALSE)," ") -> YOUSSEF | E326: OK
A327: 2048 | B327: 0 | C327: BEN HADJ | D327: =IF(B327=0,VLOOKUP(A327,Feuil2!$A$2:$M$1241,3,FALSE)," ") -> NOUREDDINE | E327: OK
A328: 2050 | B328: 0 | C328: =IF(B328=0,VLOOKUP(A328,Feuil2!$A$2:$M$1241,2,FALSE)," ") -> ATTIA | D328: =IF(B328=0,VLOOKUP(A328,Feuil2!$A$2:$M$1241,3,FALSE)," ") -> WISSEM | E328: OK
A329: 2051 | B329: 0 | C329: =IF(B329=0,VLOOKUP(A329,Feuil2!$A$2:$M$1241,2,FALSE)," ") -> SLIMENE | D329: =IF(B329=0,VLOOKUP(A329,Feuil2!$A$2:$M$1241,3,FALSE)," ") -> ANIS | E329: OK
A330: 2052 | B330: 0 | C330: =IF(B330=0,VLOOKUP(A330,Feuil2!$A$2:$M$1241,2,FALSE)," ") -> BEN RAJEH | D330: =IF(B330=0,VLOOKUP(A330,Feuil2!$A$2:$M$1241,3,FALSE)," ") -> MOHAMED | E330: OK
A331: 2053 | B331: 0 | C331: =IF(B331=0,VLOOKUP(A331,Feuil2!$A$2:$M$1241,2,FALSE)," ") -> SAID | D331: =IF(B331=0,VLOOKUP(A331,Feuil2!$A$2:$M$1241,3,FALSE)," ") -> YASSINE | E331: OK
A332: 2054 | B332: 0 | C332: =IF(B332=0,VLOOKUP(A332,Feuil2!$A$2:$M$1241,2,FALSE)," ") -> BAYA | D332: =IF(B332=0,VLOOKUP(A332,Feuil2!$A$2:$M$1241,3,FALSE)," ") -> HASSINE | E332: OK
A333: 2055 | B333: 0 | C333: =IF(B333=0,VLOOKUP(A333,Feuil2!$A$2:$M$1241,2,FALSE)," ") -> BEN YAHIA | D333: =IF(B333=0,VLOOKUP(A333,Feuil2!$A$2:$M$1241,3,FALSE)," ") -> AHMED | E333: OK
A334: 2058 | B334: 0 | C334: =IF(B334=0,VLOOKUP(A334,Feuil2!$A$2:$M$1241,2,FALSE)," ") -> GUEZGUEZ | D334: =IF(B334=0,VLOOKUP(A334,Feuil2!$A$2:$M$1241,3,FALSE)," ") -> HICHEM | E334: OK
A335: 2059 | B335: 0 | C335: =IF(B335=0,VLOOKUP(A335,Feuil2!$A$2:$M$1241,2,FALSE)," ") -> LAHDHIRI | D335: =IF(B335=0,VLOOKUP(A335,Feuil2!$A$2:$M$1241,3,FALSE)," ") -> KACEM | E335: OK
A336: 2061 | B336: 0 | C336: =IF(B336=0,VLOOKUP(A336,Feuil2!$A$2:$M$1241,2,FALSE)," ") -> KECHCICHE | D336: =IF(B336=0,VLOOKUP(A336,Feuil2!$A$2:$M$1241,3,FALSE)," ") -> YASSINE | E336: OK
A337: 2065 | B337: 0 | C337: =IF(B337=0,VLOOKUP(A337,Feuil2!$A$2:$M$1241,2,FALSE)," ") -> CHIHAOUI | D337: =IF(B337=0,VLOOKUP(A337,Feuil2!$A$2:$M$1241,3,FALSE)," ") -> ALAAEDDINE | E337: OK
A338: 2066 | B338: 0 | C338: =IF(B338=0,VLOOKUP(A338,Feuil2!$A$2:$M$1241,2,FALSE)," ") -> GRAA | D338: =IF(B338=0,VLOOKUP(A338,Feuil2!$A$2:$M$1241,3,FALSE)," ") -> SAIFEDDINE | E338: OK
A339: 2067 | B339: 0 | C339: =IF(B339=0,VLOOKUP(A339,Feuil2!$A$2:$M$1241,2,FALSE)," ") -> CHOUAIEB | D339: =IF(B339=0,VLOOKUP(A339,Feuil2!$A$2:$M$1241,3,FALSE)," ") -> MOUNIR | E339: OK
... A393: 2206 | B393: 0 | C393: =IF(B393=0,VLOOKUP(A393,Feuil2!$A$2:$M$1241,2,FALSE)," ") -> TOUMI | D393: =IF(B393=0,VLOOKUP(A393,Feuil2!$A$2:$M$1241,3,FALSE)," ") -> MOHAMED ISMAIL | E393: OK
A394: 2210 | B394: 0 | C394: =IF(B394=0,VLOOKUP(A394,Feuil2!$A$2:$M$1241,2,FALSE)," ") -> CHEBIL | D394: ALAA | E394: OK
A395: 2211 | B395: 0 | C395: =IF(B395=0,VLOOKUP(A395,Feuil2!$A$2:$M$1241,2,FALSE)," ") -> BEN SGHAIR | D395: =IF(B395=0,VLOOKUP(A395,Feuil2!$A$2:$M$1241,3,FALSE)," ") -> Chokri | E395: OK
A396: 2213 | B396: 0 | C396: =IF(B396=0,VLOOKUP(A396,Feuil2!$A$2:$M$1241,2,FALSE)," ") -> BERRIRI | D396: =IF(B396=0,VLOOKUP(A396,Feuil2!$A$2:$M$1241,3,FALSE)," ") -> Mohamed Fredj | E396: OK
A397: 2218 | B397: 0 | C397: =IF(B397=0,VLOOKUP(A397,Feuil2!$A$2:$M$1241,2,FALSE)," ") -> BAAZOUG | D397: =IF(B397=0,VLOOKUP(A397,Feuil2!$A$2:$M$1241,3,FALSE)," ") -> SOFIENE | E397: OK
A398: 2219 | B398: 0 | C398: =IF(B398=0,VLOOKUP(A398,Feuil2!$A$2:$M$1241,2,FALSE)," ") -> JARRAR | D398: =IF(B398=0,VLOOKUP(A398,Feuil2!$A$2:$M$1241,3,FALSE)," ") -> MOHAMED MAHDI | E398: OK
A399: 2227 | B399: 0 | C399: =IF(B399=0,VLOOKUP(A399,Feuil2!$A$2:$M$1241,2,FALSE)," ") -> BEN KALIA | D399: =IF(B399=0,VLOOKUP(A399,Feuil2!$A$2:$M$1241,3,FALSE)," ") -> HAMZA | E399: OK
A400: 2228 | B400: 0 | C400: =IF(B400=0,VLOOKUP(A400,Feuil2!$A$2:$M$1241,2,FALSE)," ") -> BELKHIRIA | D400: =IF(B400=0,VLOOKUP(A400,Feuil2!$A$2:$M$1241,3,FALSE)," ") -> SOLYMEN | E400: OK
A401: 2229 | B401: 0 | C401: =IF(B401=0,VLOOKUP(A401,Feuil2!$A$2:$M$1241,2,FALSE)," ") -> MKHININI | D401: =IF(B401=0,VLOOKUP(A401,Feuil2!$A$2:$M$1241,3,FALSE)," ") -> BECHIR | E401: OK
A402: 2237 | B402: 0 | C402: LAKHAL | D402: MOHAMED NABIL | E402: OK
A403: 2240 | B403: 0 | C403: MAHJOUB | D403: MAJDI | E403: OK
A404: 2243 | B404: 0 | C404: BEN HADJ HASSINE | D404: AYMEN | E404: OK
A405: 2258 | B405: 0 | C405: GAIDA | D405: MOHAMED | E405: OK
A406: 2271 | B406: 0 | C406: JERFEL | D406: ZOUBAIER | E406: OK
A407: 2272 | B407: 0 | C407: LAGHA | D407: TAHA | E407: OK
A408: 2297 | B408: 0 | C408: ZAGGAR | D408: AHMED | E408: OK
A409: 2319 | B409: 0 | C409: CHEBIL | D409: JIHED | E409: OK
A410: 2365 | B410: 0 | C410: SAIIDANE | D410: MOHAMED | E410: OK

Sheet Feuil4
A1: matricule | B1: ordre | C1: nom | D1: prenom | E1: date_nais | F1: sexe | G1: etat_civil | H1: type_piece | I1: num_piece | J1: adresse | K1: ville | L1: code_postal | M1: gsm | N1: email | O1: rib
A2: 100 | B2: 0 | C2: =IF(B2=0,VLOOKUP(A2,Feuil2!$A$2:$M$1241,2,FALSE)," ") -> JARRAR | D2: =IF(B2=0,VLOOKUP(A2,Feuil2!$A$2:$M$1241,3,FALSE)," ") -> JALEL BEN ALI | E2: =IF(B2=0,VLOOKUP(A2,Feuil2!$A$2:$M$1241,6,FALSE)," ") -> 23125 | F2: =IF(B2=0,VLOOKUP(A2,Feuil2!$A$2:$M$1241,12,FALSE)," ") -> H | G2: =IF(B2=0,VLOOKUP(A2,Feuil2!$A$2:$M$1241,11,FALSE)," ") -> M | H2: C | I2: =IF(B2=0,VLOOKUP(A2,Feuil2!$A$2:$M$1241,7,FALSE)," ") -> 2961061 | J2: =IF(B2=0,VLOOKUP(A2,Feuil2!$A$2:$M$1241,9,FALSE)," ") -> 55 Route de Sfax | K2: =IF(B2=0,VLOOKUP(A2,Feuil2!$A$2:$M$1241,10,FALSE)," ") -> Msaken 4070 | L2: 4070 | M2: 98793700 | O2: =IF(B2=0,VLOOKUP(A2,Feuil2!$A$2:$M$1241,13,FALSE)," ") -> 11020002050700878842
A3: 100 | B3: 1 | C3: MLAYEH | D3: THOURAYA | E3: 26310 | F3: F | G3: M | H3: C | I3: =IF(B3=0,VLOOKUP(A3,Feuil2!$A$2:$M$1241,7,FALSE)," ") | J3: =IF(B3=0,VLOOKUP(A3,Feuil2!$A$2:$M$1241,9,FALSE)," ") | K3: =IF(B3=0,VLOOKUP(A3,Feuil2!$A$2:$M$1241,10,FALSE)," ") | O3: =IF(B3=0,VLOOKUP(A3,Feuil2!$A$2:$M$1241,13,FALSE)," ")
A4: 100 | B4: 2 | C4: JARRAR | D4: FOUED | E4: 35702 | F4: H | G4: =IF(B4=0,VLOOKUP(A4,Feuil2!$A$2:$M$1241,11,FALSE)," ") | H4: C | I4: =IF(B4=0,VLOOKUP(A4,Feuil2!$A$2:$M$1241,7,FALSE)," ") | J4: =IF(B4=0,VLOOKUP(A4,Feuil2!$A$2:$M$1241,9,FALSE)," ") | K4: =IF(B4=0,VLOOKUP(A4,Feuil2!$A$2:$M$1241,10,FALSE)," ") | O4: =IF(B4=0,VLOOKUP(A4,Feuil2!$A$2:$M$1241,13,FALSE)," ")
A5: 100 | B5: 3 | C5: JARRAR | D5: FATEN | E5: 36388 | F5: F | G5: =IF(B5=0,VLOOKUP(A5,Feuil2!$A$2:$M$1241,11,FALSE)," ") | H5: C | I5: =IF(B5=0,VLOOKUP(A5,Feuil2!$A$2:$M$1241,7,FALSE)," ") | J5: =IF(B5=0,VLOOKUP(A5,Feuil2!$A$2:$M$1241,9,FALSE)," ") | K5: =IF(B5=0,VLOOKUP(A5,Feuil2!$A$2:$M$1241,10,FALSE)," ") | O5: =IF(B5=0,VLOOKUP(A5,Feuil2!$A$2:$M$1241,13,FALSE)," ")
A6: 100 | B6: 4 | C6: JARRAR | D6: IBRAHIM | E6: 38394 | F6: H | G6: =IF(B6=0,VLOOKUP(A6,Feuil2!$A$2:$M$1241,11,FALSE)," ") | H6: C | I6: =IF(B6=0,VLOOKUP(A6,Feuil2!$A$2:$M$1241,7,FALSE)," ") | J6: =IF(B6=0,VLOOKUP(A6,Feuil2!$A$2:$M$1241,9,FALSE)," ") | K6: =IF(B6=0,VLOOKUP(A6,Feuil2!$A$2:$M$1241,10,FALSE)," ") | O6: =IF(B6=0,VLOOKUP(A6,Feuil2!$A$2:$M$1241,13,FALSE)," ")
A7: 100 | B7: 5 | C7: JARRAR | D7: SOUFIEN | E7: 38909 | F7: H | G7: =IF(B7=0,VLOOKUP(A7,Feuil2!$A$2:$M$1241,11,FALSE)," ") | H7: C | I7: =IF(B7=0,VLOOKUP(A7,Feuil2!$A$2:$M$1241,7,FALSE)," ") | J7: =IF(B7=0,VLOOKUP(A7,Feuil2!$A$2:$M$1241,9,FALSE)," ") | K7: =IF(B7=0,VLOOKUP(A7,Feuil2!$A$2:$M$1241,10,FALSE)," ") | O7: =IF(B7=0,VLOOKUP(A7,Feuil2!$A$2:$M$1241,13,FALSE)," ")
A8: 134 | B8: 1 | C8: JARRAR | D8: ZIED | E8: 34599 | F8: H | G8: =IF(B8=0,VLOOKUP(A8,Feuil2!$A$2:$M$1241,11,FALSE)," ") | H8: C | I8: =IF(B8=0,VLOOKUP(A8,Feuil2!$A$2:$M$1241,7,FALSE)," ") | J8: =IF(B8=0,VLOOKUP(A8,Feuil2!$A$2:$M$1241,9,FALSE)," ") | K8: =IF(B8=0,VLOOKUP(A8,Feuil2!$A$2:$M$1241,10,FALSE)," ")
A9: 185 | B9: 0 | C9: =IF(B9=0,VLOOKUP(A9,Feuil2!$A$2:$M$1241,2,FALSE)," ") -> MAHJOUB NOUIR | D9: =IF(B9=0,VLOOKUP(A9,Feuil2!$A$2:$M$1241,3,FALSE)," ") -> MONCEF | E9: =IF(B9=0,VLOOKUP(A9,Feuil2!$A$2:$M$1241,6,FALSE)," ") -> 23612 | F9: =IF(B9=0,VLOOKUP(A9,Feuil2!$A$2:$M$1241,12,FALSE)," ") -> H | G9: =IF(B9=0,VLOOKUP(A9,Feuil2!$A$2:$M$1241,11,FALSE)," ") -> M | H9: C | I9: =IF(B9=0,VLOOKUP(A9,Feuil2!$A$2:$M$1241,7,FALSE)," ") -> 2959720 | J9: =IF(B9=0,VLOOKUP(A9,Feuil2!$A$2:$M$1241,9,FALSE)," ") -> 37 rue Ibn Rochd | K9: =IF(B9=0,VLOOKUP(A9,Feuil2!$A$2:$M$1241,10,FALSE)," ") -> Msaken 4070 | L9: 4070 | M9: 26836854 | O9: =IF(B9=0,VLOOKUP(A9,Feuil2!$A$2:$M$1241,13,FALSE)," ") -> 03508056010100247580
A10: 185 | B10: 1 | C10: ABBASS | D10: RADHIA | E10: 26829 | F10: F | G10: M | H10: C | I10: =IF(B10=0,VLOOKUP(A10,Feuil2!$A$2:$M$1241,7,FALSE)," ") | J10: =IF(B10=0,VLOOKUP(A10,Feuil2!$A$2:$M$1241,9,FALSE)," ") | K10: =IF(B10=0,VLOOKUP(A10,Feuil2!$A$2:$M$1241,10,FALSE)," ") | O10: =IF(B10=0,VLOOKUP(A10,Feuil2!$A$2:$M$1241,13,FALSE)," ")
A11: 185 | B11: 2 | C11: MAHJOUB NOUIR | D11: AYOUB | E11: 37775 | F11: H | G11: =IF(B11=0,VLOOKUP(A11,Feuil2!$A$2:$M$1241,11,FALSE)," ") | H11: C | I11: =IF(B11=0,VLOOKUP(A11,Feuil2!$A$2:$M$1241,7,FALSE)," ") | J11: =IF(B11=0,VLOOKUP(A11,Feuil2!$A$2:$M$1241,9,FALSE)," ") | K11: =IF(B11=0,VLOOKUP(A11,Feuil2!$A$2:$M$1241,10,FALSE)," ") | O11: =IF(B11=0,VLOOKUP(A11,Feuil2!$A$2:$M$1241,13,FALSE)," ")
A12: 212 | B12: 0 | C12: =IF(B12=0,VLOOKUP(A12,Feuil2!$A$2:$M$1241,2,FALSE)," ") -> BOUHLEL | D12: =IF(B12=0,VLOOKUP(A12,Feuil2!$A$2:$M$1241,3,FALSE)," ") -> BECHIR | E12: =IF(B12=0,VLOOKUP(A12,Feuil2!$A$2:$M$1241,6,FALSE)," ") -> 23594 | F12: =IF(B12=0,VLOOKUP(A12,Feuil2!$A$2:$M$1241,12,FALSE)," ") -> H | G12: =IF(B12=0,VLOOKUP(A12,Feuil2!$A$2:$M$1241,11,FALSE)," ") -> M | H12: C | I12: =IF(B12=0,VLOOKUP(A12,Feuil2!$A$2:$M$1241,7,FALSE)," ") -> 2954309 | J12: =IF(B12=0,VLOOKUP(A12,Feuil2!$A$2:$M$1241,9,FALSE)," ") -> Rue de Iran | K12: =IF(B12=0,VLOOKUP(A12,Feuil2!$A$2:$M$1241,10,FALSE)," ") -> Msaken 4070 | L12: 4070 | M12: 98793620 | O12: =IF(B12=0,VLOOKUP(A12,Feuil2!$A$2:$M$1241,13,FALSE)," ") -> 08507000262001609096
A13: 212 | B13: 1 | C13: GUEZGUEZ | D13: SAMIA | E13: 26636 | F13: F | G13: M | H13: C | I13: =IF(B13=0,VLOOKUP(A13,Feuil2!$A$2:$M$1241,7,FALSE)," ") | J13: =IF(B13=0,VLOOKUP(A13,Feuil2!$A$2:$M$1241,9,FALSE)," ") | K13: =IF(B13=0,VLOOKUP(A13,Feuil2!$A$2:$M$1241,10,FALSE)," ") | O13: =IF(B13=0,VLOOKUP(A13,Feuil2!$A$2:$M$1241,13,FALSE)," ")
A14: 212 | B14: 2 | C14: BOUHLEL | D14: YOUSSEF | E14: 40328 | F14: F | G14: =IF(B14=0,VLOOKUP(A14,Feuil2!$A$2:$M$1241,11,FALSE)," ") | H14: C | I14: =IF(B14=0,VLOOKUP(A14,Feuil2!$A$2:$M$1241,7,FALSE)," ") | J14: =IF(B14=0,VLOOKUP(A14,Feuil2!$A$2:$M$1241,9,FALSE)," ") | K14: =IF(B14=0,VLOOKUP(A14,Feuil2!$A$2:$M$1241,10,FALSE)," ") | O14: =IF(B14=0,VLOOKUP(A14,Feuil2!$A$2:$M$1241,13,FALSE)," ")
A15: 225 | B15: 0 | C15: =IF(B15=0,VLOOKUP(A15,Feuil2!$A$2:$M$1241,2,FALSE)," ") -> LAYOUNI | D15: =IF(B15=0,VLOOKUP(A15,Feuil2!$A$2:$M$1241,3,FALSE)," ") -> ABDELKARIM | E15: =IF(B15=0,VLOOKUP(A15,Feuil2!$A$2:$M$1241,6,FALSE)," ") -> 24122 | F15: =IF(B15=0,VLOOKUP(A15,Feuil2!$A$2:$M$1241,12,FALSE)," ") -> H | G15: =IF(B15=0,VLOOKUP(A15,Feuil2!$A$2:$M$1241,11,FALSE)," ") -> M | H15: C | I15: =IF(B15=0,VLOOKUP(A15,Feuil2!$A$2:$M$1241,7,FALSE)," ") -> 2966905 | J15: =IF(B15=0,VLOOKUP(A15,Feuil2!$A$2:$M$1241,9,FALSE)," ") -> 86 R 1er juin 1955 | K15: =IF(B15=0,VLOOKUP(A15,Feuil2!$A$2:$M$1241,10,FALSE)," ") -> Msaken 4070 | L15: 4070 | M15: 98793641 | O15: =IF(B15=0,VLOOKUP(A15,Feuil2!$A$2:$M$1241,13,FALSE)," ") -> 12505000000214557279
A16: 225 | B16: 1 | C16: FATHALLAH | D16: BASMA | E16: 25586 | F16: F | G16: M | H16: C | I16: =IF(B16=0,VLOOKUP(A16,Feuil2!$A$2:$M$1241,7,FALSE)," ") | J16: =IF(B16=0,VLOOKUP(A16,Feuil2!$A$2:$M$1241,9,FALSE)," ") | K16: =IF(B16=0,VLOOKUP(A16,Feuil2!$A$2:$M$1241,10,FALSE)," ") | O16: =IF(B16=0,VLOOKUP(A16,Feuil2!$A$2:$M$1241,13,FALSE)," ")
A17: 225 | B17: 2 | C17: LAYOUNI | D17: MARIEM | E17: 34440 | F17: F | G17: =IF(B17=0,VLOOKUP(A17,Feuil2!$A$2:$M$1241,11,FALSE)," ") | H17: C | I17: =IF(B17=0,VLOOKUP(A17,Feuil2!$A$2:$M$1241,7,FALSE)," ") | J17: =IF(B17=0,VLOOKUP(A17,Feuil2!$A$2:$M$1241,9,FALSE)," ") | K17: =IF(B17=0,VLOOKUP(A17,Feuil2!$A$2:$M$1241,10,FALSE)," ") | O17: =IF(B17=0,VLOOKUP(A17,Feuil2!$A$2:$M$1241,13,FALSE)," ")
A18: 225 | B18: 3 | C18: LAYOUNI | D18: ZAINEB | E18: 36496 | F18: F | G18: =IF(B18=0,VLOOKUP(A18,Feuil2!$A$2:$M$1241,11,FALSE)," ") | H18: C | I18: =IF(B18=0,VLOOKUP(A18,Feuil2!$A$2:$M$1241,7,FALSE)," ") | J18: =IF(B18=0,VLOOKUP(A18,Feuil2!$A$2:$M$1241,9,FALSE)," ") | K18: =IF(B18=0,VLOOKUP(A18,Feuil2!$A$2:$M$1241,10,FALSE)," ") | O18: =IF(B18=0,VLOOKUP(A18,Feuil2!$A$2:$M$1241,13,FALSE)," ")
A19: 280 | B19: 0 | C19: =IF(B19=0,VLOOKUP(A19,Feuil2!$A$2:$M$1241,2,FALSE)," ") -> LAYOUNI | D19: =IF(B19=0,VLOOKUP(A19,Feuil2!$A$2:$M$1241,3,FALSE)," ") -> GHAZI | E19: =IF(B19=0,VLOOKUP(A19,Feuil2!$A$2:$M$1241,6,FALSE)," ") -> 24181 | F19: =IF(B19=0,VLOOKUP(A19,Feuil2!$A$2:$M$1241,12,FALSE)," ") -> H | G19: =IF(B19=0,VLOOKUP(A19,Feuil2!$A$2:$M$1241,11,FALSE)," ") -> M | H19: C | I19: =IF(B19=0,VLOOKUP(A19,Feuil2!$A$2:$M$1241,7,FALSE)," ") -> 3370974 | J19: =IF(B19=0,VLOOKUP(A19,Feuil2!$A$2:$M$1241,9,FALSE)," ") -> Rue 1er juin 1955 | K19: =IF(B19=0,VLOOKUP(A19,Feuil2!$A$2:$M$1241,10,FALSE)," ") -> Msaken 4070 | L19: 4070 | M19: 98257075 | O19: =IF(B19=0,VLOOKUP(A19,Feuil2!$A$2:$M$1241,13,FALSE)," ") -> 20009090001145941227
A20: 280 | B20: 1 | C20: BEN TAKIA | D20: MANAL | E20: 29790 | F20: F | G20: M | H20: C | I20: =IF(B20=0,VLOOKUP(A20,Feuil2!$A$2:$M$1241,7,FALSE)," ") | J20: =IF(B20=0,VLOOKUP(A20,Feuil2!$A$2:$M$1241,9,FALSE)," ") | K20: =IF(B20=0,VLOOKUP(A20,Feuil2!$A$2:$M$1241,10,FALSE)," ") | O20: =IF(B20=0,VLOOKUP(A20,Feuil2!$A$2:$M$1241,13,FALSE)," ") | P20: PARTANT
A21: 280 | B21: 2 | C21: LAYOUNI | D21: SOFIENE | E21: 39776 | F21: H | G21: =IF(B21=0,VLOOKUP(A21,Feuil2!$A$2:$M$1241,11,FALSE)," ") | H21: C | I21: =IF(B21=0,VLOOKUP(A21,Feuil2!$A$2:$M$1241,7,FALSE)," ") | J21: =IF(B21=0,VLOOKUP(A21,Feuil2!$A$2:$M$1241,9,FALSE)," ") | K21: =IF(B21=0,VLOOKUP(A21,Feuil2!$A$2:$M$1241,10,FALSE)," ") | O21: =IF(B21=0,VLOOKUP(A21,Feuil2!$A$2:$M$1241,13,FALSE)," ")
A22: 280 | B22: 3 | C22: LAYOUNI | D22: MAYSSA | E22: 41199 | F22: F | G22: =IF(B22=0,VLOOKUP(A22,Feuil2!$A$2:$M$1241,11,FALSE)," ") | H22: C | I22: =IF(B22=0,VLOOKUP(A22,Feuil2!$A$2:$M$1241,7,FALSE)," ") | J22: =IF(B22=0,VLOOKUP(A22,Feuil2!$A$2:$M$1241,9,FALSE)," ") | K22: =IF(B22=0,VLOOKUP(A22,Feuil2!$A$2:$M$1241,10,FALSE)," ") | O22: =IF(B22=0,VLOOKUP(A22,Feuil2!$A$2:$M$1241,13,FALSE)," ")
A23: 344 | B23: 0 | C23: =IF(B23=0,VLOOKUP(A23,Feuil2!$A$2:$M$1241,2,FALSE)," ") -> TERZAG EL BHIRI | D23: =IF(B23=0,VLOOKUP(A23,Feuil2!$A$2:$M$1241,3,FALSE)," ") -> CHEDLY | E23: =IF(B23=0,VLOOKUP(A23,Feuil2!$A$2:$M$1241,6,FALSE)," ") -> 23694 | F23: =IF(B23=0,VLOOKUP(A23,Feuil2!$A$2:$M$1241,12,FALSE)," ") -> H | G23: =IF(B23=0,VLOOKUP(A23,Feuil2!$A$2:$M$1241,11,FALSE)," ") -> M | H23: C | I23: =IF(B23=0,VLOOKUP(A23,Feuil2!$A$2:$M$1241,7,FALSE)," ") -> 2952362 | J23: =IF(B23=0,VLOOKUP(A23,Feuil2!$A$2:$M$1241,9,FALSE)," ") -> 68 Rue Essomaa | K23: =IF(B23=0,VLOOKUP(A23,Feuil2!$A$2:$M$1241,10,FALSE)," ") -> Msaken 4070 | L23: 4070 | M23: 98793754 | O23: 12505000582700754647
A24: 344 | B24: 1 | C24: BHIRI | D24: AMEL | E24: 27213 | F24: F | G24: M | H24: C | I24: =IF(B24=0,VLOOKUP(A24,Feuil2!$A$2:$M$1241,7,FALSE)," ") | J24: =IF(B24=0,VLOOKUP(A24,Feuil2!$A$2:$M$1241,9,FALSE)," ") | K24: =IF(B24=0,VLOOKUP(A24,Feuil2!$A$2:$M$1241,10,FALSE)," ") | O24: =IF(B24=0,VLOOKUP(A24,Feuil2!$A$2:$M$1241,13,FALSE)," ")
A25: 344 | B25: 2 | C25: TERZAG EL BHIRI | D25: YASSINE | E25: 36333 | F25: H | G25: =IF(B25=0,VLOOKUP(A25,Feuil2!$A$2:$M$1241,11,FALSE)," ") | H25: C | I25: =IF(B25=0,VLOOKUP(A25,Feuil2!$A$2:$M$1241,7,FALSE)," ") | J25: =IF(B25=0,VLOOKUP(A25,Feuil2!$A$2:$M$1241,9,FALSE)," ") | K25: =IF(B25=0,VLOOKUP(A25,Feuil2!$A$2:$M$1241,10,FALSE)," ") | O25: =IF(B25=0,VLOOKUP(A25,Feuil2!$A$2:$M$1241,13,FALSE)," ")
A26: 344 | B26: 3 | C26: TERZAG EL BHIRI | D26: FREDJ | E26: 42349 | F26: H | G26: =IF(B26=0,VLOOKUP(A26,Feuil2!$A$2:$M$1241,11,FALSE)," ") | H26: C | I26: =IF(B26=0,VLOOKUP(A26,Feuil2!$A$2:$M$1241,7,FALSE)," ") | J26: =IF(B26=0,VLOOKUP(A26,Feuil2!$A$2:$M$1241,9,FALSE)," ") | K26: =IF(B26=0,VLOOKUP(A26,Feuil2!$A$2:$M$1241,10,FALSE)," ") | O26: =IF(B26=0,VLOOKUP(A26,Feuil2!$A$2:$M$1241,13,FALSE)," ")
A27: 368 | B27: 0 | C27: =IF(B27=0,VLOOKUP(A27,Feuil2!$A$2:$M$1241,2,FALSE)," ") -> AJROUD | D27: =IF(B27=0,VLOOKUP(A27,Feuil2!$A$2:$M$1241,3,FALSE)," ") -> RIDHA | E27: =IF(B27=0,VLOOKUP(A27,Feuil2!$A$2:$M$1241,6,FALSE)," ") -> 23531 | F27: =IF(B27=0,VLOOKUP(A27,Feuil2!$A$2:$M$1241,12,FALSE)," ") -> H | G27: =IF(B27=0,VLOOKUP(A27,Feuil2!$A$2:$M$1241,11,FALSE)," ") -> M | H27: C | I27: =IF(B27=0,VLOOKUP(A27,Feuil2!$A$2:$M$1241,7,FALSE)," ") -> 2952022 | J27: =IF(B27=0,VLOOKUP(A27,Feuil2!$A$2:$M$1241,9,FALSE)," ") -> 53 Rue de Bizert | K27: =IF(B27=0,VLOOKUP(A27,Feuil2!$A$2:$M$1241,10,FALSE)," ") -> Msaken 4070 | L27: 4070 | M27: 96327094 | O27: =IF(B27=0,VLOOKUP(A27,Feuil2!$A$2:$M$1241,13,FALSE)," ") -> 10506040203075578841
A28: 368 | B28: 1 | C28: BEN SALEM | D28: SONIA | E28: 28084 | F28: F | G28: M | H28: C | I28: =IF(B28=0,VLOOKUP(A28,Feuil2!$A$2:$M$1241,7,FALSE)," ") | J28: =IF(B28=0,VLOOKUP(A28,Feuil2!$A$2:$M$1241,9,FALSE)," ") | K28: =IF(B28=0,VLOOKUP(A28,Feuil2!$A$2:$M$1241,10,FALSE)," ") | O28: =IF(B28=0,VLOOKUP(A28,Feuil2!$A$2:$M$1241,13,FALSE)," ")
A29: 368 | B29: 2 | C29: AJROUD | D29: RIHAM | E29: 35694 | F29: F | G29: =IF(B29=0,VLOOKUP(A29,Feuil2!$A$2:$M$1241,11,FALSE)," ") | H29: C | I29: =IF(B29=0,VLOOKUP(A29,Feuil2!$A$2:$M$1241,7,FALSE)," ") | J29: =IF(B29=0,VLOOKUP(A29,Feuil2!$A$2:$M$1241,9,FALSE)," ") | K29: =IF(B29=0,VLOOKUP(A29,Feuil2!$A$2:$M$1241,10,FALSE)," ") | O29: =IF(B29=0,VLOOKUP(A29,Feuil2!$A$2:$M$1241,13,FALSE)," ")
A30: 368 | B30: 3 | C30: AJROUD | D30: AHMED | E30: 37819 | F30: H | G30: =IF(B30=0,VLOOKUP(A30,Feuil2!$A$2:$M$1241,11,FALSE)," ") | H30: C | I30: =IF(B30=0,VLOOKUP(A30,Feuil2!$A$2:$M$1241,7,FALSE)," ") | J30: =IF(B30=0,VLOOKUP(A30,Feuil2!$A$2:$M$1241,9,FALSE)," ") | K30: =IF(B30=0,VLOOKUP(A30,Feuil2!$A$2:$M$1241,10,FALSE)," ") | O30: =IF(B30=0,VLOOKUP(A30,Feuil2!$A$2:$M$1241,13,FALSE)," ")
A31: 368 | B31: 4 | C31: AJROUD | D31: SALMA | E31: 40271 | F31: F | G31: =IF(B31=0,VLOOKUP(A31,Feuil2!$A$2:$M$1241,11,FALSE)," ") | H31: C | I31: =IF(B31=0,VLOOKUP(A31,Feuil2!$A$2:$M$1241,7,FALSE)," ") | J31: =IF(B31=0,VLOOKUP(A31,Feuil2!$A$2:$M$1241,9,FALSE)," ") | K31: =IF(B31=0,VLOOKUP(A31,Feuil2!$A$2:$M$1241,10,FALSE)," ") | O31: =IF(B31=0,VLOOKUP(A31,Feuil2!$A$2:$M$1241,13,FALSE)," ")
A32: 369 | B32: 0 | C32: =IF(B32=0,VLOOKUP(A32,Feuil2!$A$2:$M$1241,2,FALSE)," ") -> KECHICHE | D32: =IF(B32=0,VLOOKUP(A32,Feuil2!$A$2:$M$1241,3,FALSE)," ") -> BECHIR | E32: =IF(B32=0,VLOOKUP(A32,Feuil2!$A$2:$M$1241,6,FALSE)," ") -> 23172 | F32: =IF(B32=0,VLOOKUP(A32,Feuil2!$A$2:$M$1241,12,FALSE)," ") -> H | G32: =IF(B32=0,VLOOKUP(A32,Feuil2!$A$2:$M$1241,11,FALSE)," ") -> M | H32: C | I32: =IF(B32=0,VLOOKUP(A32,Feuil2!$A$2:$M$1241,7,FALSE)," ") -> 2947387 | J32: =IF(B32=0,VLOOKUP(A32,Feuil2!$A$2:$M$1241,9,FALSE)," ") -> 233 Rue Habib Thameur | K32: =IF(B32=0,VLOOKUP(A32,Feuil2!$A$2:$M$1241,10,FALSE)," ") -> Msaken 4070 | L32: 4070 | M32: 95236558 | O32: =IF(B32=0,VLOOKUP(A32,Feuil2!$A$2:$M$1241,13,FALSE)," ") -> 03508056010100091895
A33: 369 | B33: 1 | C33: MOSBAH | D33: SAMIA | E33: 25610 | F33: F | G33: M | H33: C | I33: =IF(B33=0,VLOOKUP(A33,Feuil2!$A$2:$M$1241,7,FALSE)," ") | J33: =IF(B33=0,VLOOKUP(A33,Feuil2!$A$2:$M$1241,9,FALSE)," ") | K33: =IF(B33=0,VLOOKUP(A33,Feuil2!$A$2:$M$1241,10,FALSE)," ") | O33: =IF(B33=0,VLOOKUP(A33,Feuil2!$A$2:$M$1241,13,FALSE)," ")
A34: 369 | B34: 2 | C34: KECHICHE | D34: SAIF | E34: 34933 | F34: H | G34: =IF(B34=0,VLOOKUP(A34,Feuil2!$A$2:$M$1241,11,FALSE)," ") | H34: C | I34: =IF(B34=0,VLOOKUP(A34,Feuil2!$A$2:$M$1241,7,FALSE)," ") | J34: =IF(B34=0,VLOOKUP(A34,Feuil2!$A$2:$M$1241,9,FALSE)," ") | K34: =IF(B34=0,VLOOKUP(A34,Feuil2!$A$2:$M$1241,10,FALSE)," ") | O34: =IF(B34=0,VLOOKUP(A34,Feuil2!$A$2:$M$1241,13,FALSE)," ")
A35: 369 | B35: 3 | C35: KECHICHE | D35: FATEN | E35: 35301 | F35: F | G35: =IF(B35=0,VLOOKUP(A35,Feuil2!$A$2:$M$1241,11,FALSE)," ") | H35: C | I35: =IF(B35=0,VLOOKUP(A35,Feuil2!$A$2:$M$1241,7,FALSE)," ") | J35: =IF(B35=0,VLOOKUP(A35,Feuil2!$A$2:$M$1241,9,FALSE)," ") | K35: =IF(B35=0,VLOOKUP(A35,Feuil2!$A$2:$M$1241,10,FALSE)," ") | O35: =IF(B35=0,VLOOKUP(A35,Feuil2!$A$2:$M$1241,13,FALSE)," ")
A36: 369 | B36: 4 | C36: KECHICHE | D36: SONIA | E36: 38491 | F36: F | G36: =IF(B36=0,VLOOKUP(A36,Feuil2!$A$2:$M$1241,11,FALSE)," ") | H36: C | I36: =IF(B36=0,VLOOKUP(A36,Feuil2!$A$2:$M$1241,7,FALSE)," ") | J36: =IF(B36=0,VLOOKUP(A36,Feuil2!$A$2:$M$1241,9,FALSE)," ") | K36: =IF(B36=0,VLOOKUP(A36,Feuil2!$A$2:$M$1241,10,FALSE)," ") | O36: =IF(B36=0,VLOOKUP(A36,Feuil2!$A$2:$M$1241,13,FALSE)," ")
A37: 369 | B37: 5 | C37: KECHICHE | D37: YOUSSEF | E37: 40383 | F37: H | G37: =IF(B37=0,VLOOKUP(A37,Feuil2!$A$2:$M$1241,11,FALSE)," ") | H37: C | I37: =IF(B37=0,VLOOKUP(A37,Feuil2!$A$2:$M$1241,7,FALSE)," ") | J37: =IF(B37=0,VLOOKUP(A37,Feuil2!$A$2:$M$1241,9,FALSE)," ") | K37: =IF(B37=0,VLOOKUP(A37,Feuil2!$A$2:$M$1241,10,FALSE)," ") | O37: =IF(B37=0,VLOOKUP(A37,Feuil2!$A$2:$M$1241,13,FALSE)," ")
A38: 382 | B38: 0 | C38: =IF(B38=0,VLOOKUP(A38,Feuil2!$A$2:$M$1241,2,FALSE)," ") -> HAMILA | D38: =IF(B38=0,VLOOKUP(A38,Feuil2!$A$2:$M$1241,3,FALSE)," ") -> KHALED | E38: =IF(B38=0,VLOOKUP(A38,Feuil2!$A$2:$M$1241,6,FALSE)," ") -> 23821 | F38: =IF(B38=0,VLOOKUP(A38,Feuil2!$A$2:$M$1241,12,FALSE)," ") -> H | G38: =IF(B38=0,VLOOKUP(A38,Feuil2!$A$2:$M$1241,11,FALSE)," ") -> M | H38: C | I38: =IF(B38=0,VLOOKUP(A38,Feuil2!$A$2:$M$1241,7,FALSE)," ") -> 2969788 | J38: =IF(B38=0,VLOOKUP(A38,Feuil2!$A$2:$M$1241,9,FALSE)," ") -> 18 bis Rue Bilel Ben Ribeh | K38: =IF(B38=0,VLOOKUP(A38,Feuil2!$A$2:$M$1241,10,FALSE)," ") -> Msaken 4070 | L38: 4070 | M38: 98547800 | O38: =IF(B38=0,VLOOKUP(A38,Feuil2!$A$2:$M$1241,13,FALSE)," ") -> 03508056010100157952
A39: 382 | B39: 1 | C39: GHOUL BHIRI | D39: SONIA | E39: 27809 | F39: F | G39: M | H39: C | I39: =IF(B39=0,VLOOKUP(A39,Feuil2!$A$2:$M$1241,7,FALSE)," ") | J39: =IF(B39=0,VLOOKUP(A39,Feuil2!$A$2:$M$1241,9,FALSE)," ") | K39: =IF(B39=0,VLOOKUP(A39,Feuil2!$A$2:$M$1241,10,FALSE)," ") | O39: =IF(B39=0,VLOOKUP(A39,Feuil2!$A$2:$M$1241,13,FALSE)," ")
A40: 382 | B40: 2 | C40: HAMILA | D40: YOUSSEF | E40: 38330 | F40: H | G40: =IF(B40=0,VLOOKUP(A40,Feuil2!$A$2:$M$1241,11,FALSE)," ") | H40: C | I40: =IF(B40=0,VLOOKUP(A40,Feuil2!$A$2:$M$1241,7,FALSE)," ") | J40: =IF(B40=0,VLOOKUP(A40,Feuil2!$A$2:$M$1241,9,FALSE)," ") | K40: =IF(B40=0,VLOOKUP(A40,Feuil2!$A$2:$M$1241,10,FALSE)," ") | O40: =IF(B40=0,VLOOKUP(A40,Feuil2!$A$2:$M$1241,13,FALSE)," ")
A41: 382 | B41: 3 | C41: HAMILA | D41: FATMA EZZAHRA | E41: 41600 | F41: F | G41: =IF(B41=0,VLOOKUP(A41,Feuil2!$A$2:$M$1241,11,FALSE)," ") | H41: C | I41: =IF(B41=0,VLOOKUP(A41,Feuil2!$A$2:$M$1241,7,FALSE)," ") | J41: =IF(B41=0,VLOOKUP(A41,Feuil2!$A$2:$M$1241,9,FALSE)," ") | K41: =IF(B41=0,VLOOKUP(A41,Feuil2!$A$2:$M$1241,10,FALSE)," ") | O41: =IF(B41=0,VLOOKUP(A41,Feuil2!$A$2:$M$1241,13,FALSE)," ")
A42: 426 | B42: 0 | C42: =IF(B42=0,VLOOKUP(A42,Feuil2!$A$2:$M$1241,2,FALSE)," ") -> AFRIT | D42: =IF(B42=0,VLOOKUP(A42,Feuil2!$A$2:$M$1241,3,FALSE)," ") -> RIDHA | E42: =IF(B42=0,VLOOKUP(A42,Feuil2!$A$2:$M$1241,6,FALSE)," ") -> 24576 | F42: =IF(B42=0,VLOOKUP(A42,Feuil2!$A$2:$M$1241,12,FALSE)," ") -> H | G42: =IF(B42=0,VLOOKUP(A42,Feuil2!$A$2:$M$1241,11,FALSE)," ") -> M | H42: C | I42: =IF(B42=0,VLOOKUP(A42,Feuil2!$A$2:$M$1241,7,FALSE)," ") -> 2969655 | J42: =IF(B42=0,VLOOKUP(A42,Feuil2!$A$2:$M$1241,9,FALSE)," ") -> 129 Rue de Caire | K42: =IF(B42=0,VLOOKUP(A42,Feuil2!$A$2:$M$1241,10,FALSE)," ") -> Msaken 4070 | L42: 4070 | M42: 97224625 | O42: =IF(B42=0,VLOOKUP(A42,Feuil2!$A$2:$M$1241,13,FALSE)," ") -> 12505000580100968019
A43: 426 | B43: 1 | C43: HAMAMI | D43: ASMA | E43: 27659 | F43: F | G43: M | H43: C | I43: =IF(B43=0,VLOOKUP(A43,Feuil2!$A$2:$M$1241,7,FALSE)," ") | J43: =IF(B43=0,VLOOKUP(A43,Feuil2!$A$2:$M$1241,9,FALSE)," ") | K43: =IF(B43=0,VLOOKUP(A43,Feuil2!$A$2:$M$1241,10,FALSE)," ") | O43: =IF(B43=0,VLOOKUP(A43,Feuil2!$A$2:$M$1241,13,FALSE)," ")
A44: 426 | B44: 2 | C44: AFRIT | D44: OUMAIMA | E44: 36987 | F44: F | G44: =IF(B44=0,VLOOKUP(A44,Feuil2!$A$2:$M$1241,11,FALSE)," ") | H44: C | I44: =IF(B44=0,VLOOKUP(A44,Feuil2!$A$2:$M$1241,7,FALSE)," ") | J44: =IF(B44=0,VLOOKUP(A44,Feuil2!$A$2:$M$1241,9,FALSE)," ") | K44: =IF(B44=0,VLOOKUP(A44,Feuil2!$A$2:$M$1241,10,FALSE)," ") | O44: =IF(B44=0,VLOOKUP(A44,Feuil2!$A$2:$M$1241,13,FALSE)," ")
A45: 426 | B45: 3 | C45: AFRIT | D45: IMENE | E45: 37364 | F45: F | G45: =IF(B45=0,VLOOKUP(A45,Feuil2!$A$2:$M$1241,11,FALSE)," ") | H45: C | I45: =IF(B45=0,VLOOKUP(A45,Feuil2!$A$2:$M$1241,7,FALSE)," ") | J45: =IF(B45=0,VLOOKUP(A45,Feuil2!$A$2:$M$1241,9,FALSE)," ") | K45: =IF(B45=0,VLOOKUP(A45,Feuil2!$A$2:$M$1241,10,FALSE)," ") | O45: =IF(B45=0,VLOOKUP(A45,Feuil2!$A$2:$M$1241,13,FALSE)," ")
A46: 426 | B46: 4 | C46: AFRIT | D46: AMINE | E46: 38752 | F46: H | G46: =IF(B46=0,VLOOKUP(A46,Feuil2!$A$2:$M$1241,11,FALSE)," ") | H46: C | I46: =IF(B46=0,VLOOKUP(A46,Feuil2!$A$2:$M$1241,7,FALSE)," ") | J46: =IF(B46=0,VLOOKUP(A46,Feuil2!$A$2:$M$1241,9,FALSE)," ") | K46: =IF(B46=0,VLOOKUP(A46,Feuil2!$A$2:$M$1241,10,FALSE)," ") | O46: =IF(B46=0,VLOOKUP(A46,Feuil2!$A$2:$M$1241,13,FALSE)," ")
A47: 498 | B47: 0 | C47: =IF(B47=0,VLOOKUP(A47,Feuil2!$A$2:$M$1241,2,FALSE)," ") -> DHIB | D47: =IF(B47=0,VLOOKUP(A47,Feuil2!$A$2:$M$1241,3,FALSE)," ") -> TAOUFIK | E47: =IF(B47=0,VLOOKUP(A47,Feuil2!$A$2:$M$1241,6,FALSE)," ") -> 24007 | F47: =IF(B47=0,VLOOKUP(A47,Feuil2!$A$2:$M$1241,12,FALSE)," ") -> H | G47: =IF(B47=0,VLOOKUP(A47,Feuil2!$A$2:$M$1241,11,FALSE)," ") -> M | H47: C | I47: =IF(B47=0,VLOOKUP(A47,Feuil2!$A$2:$M$1241,7,FALSE)," ") -> 2957779 | J47: =IF(B47=0,VLOOKUP(A47,Feuil2!$A$2:$M$1241,9,FALSE)," ") -> 4014 Knaies | K47: =IF(B47=0,VLOOKUP(A47,Feuil2!$A$2:$M$1241,10,FALSE)," ") -> Knaies 4014 | L47: 4070 | M47: 43351639 | O47: =IF(B47=0,VLOOKUP(A47,Feuil2!$A$2:$M$1241,13,FALSE)," ") -> 12505000000213607746
A48: 498 | B48: 1 | C48: ALAIEB | D48: AICHA | E48: 26336 | F48: F | G48: M | H48: C | I48: =IF(B48=0,VLOOKUP(A48,Feuil2!$A$2:$M$1241,7,FALSE)," ") | J48: =IF(B48=0,VLOOKUP(A48,Feuil2!$A$2:$M$1241,9,FALSE)," ") | K48: =IF(B48=0,VLOOKUP(A48,Feuil2!$A$2:$M$1241,10,FALSE)," ") | O48: =IF(B48=0,VLOOKUP(A48,Feuil2!$A$2:$M$1241,13,FALSE)," ")
A49: 498 | B49: 2 | C49: DHIB | D49: HASSENE | E49: 37711 | F49: H | G49: =IF(B49=0,VLOOKUP(A49,Feuil2!$A$2:$M$1241,11,FALSE)," ") | H49: C | I49: =IF(B49=0,VLOOKUP(A49,Feuil2!$A$2:$M$1241,7,FALSE)," ") | J49: =IF(B49=0,VLOOKUP(A49,Feuil2!$A$2:$M$1241,9,FALSE)," ") | K49: =IF(B49=0,VLOOKUP(A49,Feuil2!$A$2:$M$1241,10,FALSE)," ") | O49: =IF(B49=0,VLOOKUP(A49,Feuil2!$A$2:$M$1241,13,FALSE)," ")
A50: 503 | B50: 0 | C50: =IF(B50=0,VLOOKUP(A50,Feuil2!$A$2:$M$1241,2,FALSE)," ") -> BOUHLEL | D50: =IF(B50=0,VLOOKUP(A50,Feuil2!$A$2:$M$1241,3,FALSE)," ") -> ABDELHAFIDH | E50: =IF(B50=0,VLOOKUP(A50,Feuil2!$A$2:$M$1241,6,FALSE)," ") -> 24306 | F50: =IF(B50=0,VLOOKUP(A50,Feuil2!$A$2:$M$1241,12,FALSE)," ") -> H | G50: =IF(B50=0,VLOOKUP(A50,Feuil2!$A$2:$M$1241,11,FALSE)," ") -> M | H50: C | I50: =IF(B50=0,VLOOKUP(A50,Feuil2!$A$2:$M$1241,7,FALSE)," ") -> 2966511 | J50: =IF(B50=0,VLOOKUP(A50,Feuil2!$A$2:$M$1241,9,FALSE)," ") -> 13, Rue des Oranges | K50: =IF(B50=0,VLOOKUP(A50,Feuil2!$A$2:$M$1241,10,FALSE)," ") -> Msaken 4070 | L50: 4070 | M50: 53730054 | O50: =IF(B50=0,VLOOKUP(A50,Feuil2!$A$2:$M$1241,13,FALSE)," ") -> 10506040203259578820
A51: 503 | B51: 1 | C51: MAIMOUNA | D51: NAJOUA | E51: 27622 | F51: F | G51: M | H51: C | I51: =IF(B51=0,VLOOKUP(A51,Feuil2!$A$2:$M$1241,7,FALSE)," ") | J51: =IF(B51=0,VLOOKUP(A51,Feuil2!$A$2:$M$1241,9,FALSE)," ") | K51: =IF(B51=0,VLOOKUP(A51,Feuil2!$A$2:$M$1241,10,FALSE)," ") | O51: =IF(B51=0,VLOOKUP(A51,Feuil2!$A$2:$M$1241,13,FALSE)," ")
A52: 503 | B52: 2 | C52: BOUHLEL | D52: HOUSSEM | E52: 35627 | F52: H | G52: =IF(B52=0,VLOOKUP(A52,Feuil2!$A$2:$M$1241,11,FALSE)," ") | H52: C | I52: =IF(B52=0,VLOOKUP(A52,Feuil2!$A$2:$M$1241,7,FALSE)," ") | J52: =IF(B52=0,VLOOKUP(A52,Feuil2!$A$2:$M$1241,9,FALSE)," ") | K52: =IF(B52=0,VLOOKUP(A52,Feuil2!$A$2:$M$1241,10,FALSE)," ") | O52: =IF(B52=0,VLOOKUP(A52,Feuil2!$A$2:$M$1241,13,FALSE)," ")
A53: 503 | B53: 3 | C53: BOUHLEL | D53: ABDALLAH | E53: 39902 | F53: H | G53: =IF(B53=0,VLOOKUP(A53,Feuil2!$A$2:$M$1241,11,FALSE)," ") | H53: C | I53: =IF(B53=0,VLOOKUP(A53,Feuil2!$A$2:$M$1241,7,FALSE)," ") | J53: =IF(B53=0,VLOOKUP(A53,Feuil2!$A$2:$M$1241,9,FALSE)," ") | K53: =IF(B53=0,VLOOKUP(A53,Feuil2!$A$2:$M$1241,10,FALSE)," ") | O53: =IF(B53=0,VLOOKUP(A53,Feuil2!$A$2:$M$1241,13,FALSE)," ")
A54: 524 | B54: 0 | C54: =IF(B54=0,VLOOKUP(A54,Feuil2!$A$2:$M$1241,2,FALSE)," ") -> EL MAHFOUDH | D54: =IF(B54=0,VLOOKUP(A54,Feuil2!$A$2:$M$1241,3,FALSE)," ") -> TAREK | E54: =IF(B54=0,VLOOKUP(A54,Feuil2!$A$2:$M$1241,6,FALSE)," ") -> 23044 | F54: =IF(B54=0,VLOOKUP(A54,Feuil2!$A$2:$M$1241,12,FALSE)," ") -> H | G54: =IF(B54=0,VLOOKUP(A54,Feuil2!$A$2:$M$1241,11,FALSE)," ") -> M | H54: C | I54: =IF(B54=0,VLOOKUP(A54,Feuil2!$A$2:$M$1241,7,FALSE)," ") -> 2899298 | J54: =IF(B54=0,VLOOKUP(A54,Feuil2!$A$2:$M$1241,9,FALSE)," ") -> NULL | K54: =IF(B54=0,VLOOKUP(A54,Feuil2!$A$2:$M$1241,10,FALSE)," ") -> NULL | M54: 98793517 | O54: =IF(B54=0,VLOOKUP(A54,Feuil2!$A$2:$M$1241,13,FALSE)," ") -> 14500500100702024154
A55: 524 | B55: 1 | C55: BRAHEM | D55: HALLOUMA | E55: 23459 | F55: F | G55: M | H55: C | I55: =IF(B55=0,VLOOKUP(A55,Feuil2!$A$2:$M$1241,7,FALSE)," ") | J55: =IF(B55=0,VLOOKUP(A55,Feuil2!$A$2:$M$1241,9,FALSE)," ") | K55: =IF(B55=0,VLOOKUP(A55,Feuil2!$A$2:$M$1241,10,FALSE)," ") | O55: =IF(B55=0,VLOOKUP(A55,Feuil2!$A$2:$M$1241,13,FALSE)," ")
A56: 551 | B56: 0 | C56: =IF(B56=0,VLOOKUP(A56,Feuil2!$A$2:$M$1241,2,FALSE)," ") -> EL GADHI | D56: =IF(B56=0,VLOOKUP(A56,Feuil2!$A$2:$M$1241,3,FALSE)," ") -> SALAH | E56: =IF(B56=0,VLOOKUP(A56,Feuil2!$A$2:$M$1241,6,FALSE)," ") -> 23091 | F56: =IF(B56=0,VLOOKUP(A56,Feuil2!$A$2:$M$1241,12,FALSE)," ") -> H | G56: =IF(B56=0,VLOOKUP(A56,Feuil2!$A$2:$M$1241,11,FALSE)," ") -> M | H56: C | I56: =IF(B56=0,VLOOKUP(A56,Feuil2!$A$2:$M$1241,7,FALSE)," ") -> 2947807 | J56: =IF(B56=0,VLOOKUP(A56,Feuil2!$A$2:$M$1241,9,FALSE)," ") -> 179 Rue Ali Belahouane | K56: =IF(B56=0,VLOOKUP(A56,Feuil2!$A$2:$M$1241,10,FALSE)," ") -> Msaken 4070 | L56: 4070 | M56: 50672859 | O56: =IF(B56=0,VLOOKUP(A56,Feuil2!$A$2:$M$1241,13,FALSE)," ") -> 08507000262000178637
A57: 551 | B57: 1 | C57: BRAHIM | D57: SOUAD | E57: 24624 | F57: F | G57: M | H57: C | I57: =IF(B57=0,VLOOKUP(A57,Feuil2!$A$2:$M$1241,7,FALSE)," ") | J57: =IF(B57=0,VLOOKUP(A57,Feuil2!$A$2:$M$1241,9,FALSE)," ") | K57: =IF(B57=0,VLOOKUP(A57,Feuil2!$A$2:$M$1241,10,FALSE)," ") | O57: =IF(B57=0,VLOOKUP(A57,Feuil2!$A$2:$M$1241,13,FALSE)," ")
A58: 551 | B58: 2 | C58: EL GADHI | D58: FIRAS | E58: 35977 | F58: H | G58: =IF(B58=0,VLOOKUP(A58,Feuil2!$A$2:$M$1241,11,FALSE)," ") | H58: C | I58: =IF(B58=0,VLOOKUP(A58,Feuil2!$A$2:$M$1241,7,FALSE)," ") | J58: =IF(B58=0,VLOOKUP(A58,Feuil2!$A$2:$M$1241,9,FALSE)," ") | K58: =IF(B58=0,VLOOKUP(A58,Feuil2!$A$2:$M$1241,10,FALSE)," ") | O58: =IF(B58=0,VLOOKUP(A58,Feuil2!$A$2:$M$1241,13,FALSE)," ")
A59: 551 | B59: 3 | C59: EL GADHI | D59: YOSR | E59: 36434 | F59: F | G59: =IF(B59=0,VLOOKUP(A59,Feuil2!$A$2:$M$1241,11,FALSE)," ") | H59: C | I59: =IF(B59=0,VLOOKUP(A59,Feuil2!$A$2:$M$1241,7,FALSE)," ") | J59: =IF(B59=0,VLOOKUP(A59,Feuil2!$A$2:$M$1241,9,FALSE)," ") | K59: =IF(B59=0,VLOOKUP(A59,Feuil2!$A$2:$M$1241,10,FALSE)," ") | O59: =IF(B59=0,VLOOKUP(A59,Feuil2!$A$2:$M$1241,13,FALSE)," ")
A60: 551 | B60: 4 | C60: EL GADHI | D60: TASNIME | E60: 38959 | F60: F | G60: =IF(B60=0,VLOOKUP(A60,Feuil2!$A$2:$M$1241,11,FALSE)," ") | H60: C | I60: =IF(B60=0,VLOOKUP(A60,Feuil2!$A$2:$M$1241,7,FALSE)," ") | J60: =IF(B60=0,VLOOKUP(A60,Feuil2!$A$2:$M$1241,9,FALSE)," ") | K60: =IF(B60=0,VLOOKUP(A60,Feuil2!$A$2:$M$1241,10,FALSE)," ") | O60: =IF(B60=0,VLOOKUP(A60,Feuil2!$A$2:$M$1241,13,FALSE)," ")
A61: 552 | B61: 0 | C61: =IF(B61=0,VLOOKUP(A61,Feuil2!$A$2:$M$1241,2,FALSE)," ") -> ACHOUR | D61: =IF(B61=0,VLOOKUP(A61,Feuil2!$A$2:$M$1241,3,FALSE)," ") -> KAMEL | E61: =IF(B61=0,VLOOKUP(A61,Feuil2!$A$2:$M$1241,6,FALSE)," ") -> 22929 | F61: =IF(B61=0,VLOOKUP(A61,Feuil2!$A$2:$M$1241,12,FALSE)," ") -> H | G61: =IF(B61=0,VLOOKUP(A61,Feuil2!$A$2:$M$1241,11,FALSE)," ") -> M | H61: C | I61: =IF(B61=0,VLOOKUP(A61,Feuil2!$A$2:$M$1241,7,FALSE)," ") -> 2943574 | J61: =IF(B61=0,VLOOKUP(A61,Feuil2!$A$2:$M$1241,9,FALSE)," ") -> 32 RUE 2 MARS | K61: =IF(B61=0,VLOOKUP(A61,Feuil2!$A$2:$M$1241,10,FALSE)," ") -> Msaken 4070 | L61: 4070 | M61: 98783220 | O61: =IF(B61=0,VLOOKUP(A61,Feuil2!$A$2:$M$1241,13,FALSE)," ") -> 08507000262001239720
A62: 552 | B62: 1 | C62: ACHOUR | D62: AMEL | E62: 24878 | F62: F | G62: M | H62: C | I62: =IF(B62=0,VLOOKUP(A62,Feuil2!$A$2:$M$1241,7,FALSE)," ") | J62: =IF(B62=0,VLOOKUP(A62,Feuil2!$A$2:$M$1241,9,FALSE)," ") | K62: =IF(B62=0,VLOOKUP(A62,Feuil2!$A$2:$M$1241,10,FALSE)," ") | O62: =IF(B62=0,VLOOKUP(A62,Feuil2!$A$2:$M$1241,13,FALSE)," ")
A63: 552 | B63: 2 | C63: ACHOUR | D63: CHAIMA | E63: 34858 | F63: F | G63: =IF(B63=0,VLOOKUP(A63,Feuil2!$A$2:$M$1241,11,FALSE)," ") | H63: C | I63: =IF(B63=0,VLOOKUP(A63,Feuil2!$A$2:$M$1241,7,FALSE)," ") | J63: =IF(B63=0,VLOOKUP(A63,Feuil2!$A$2:$M$1241,9,FALSE)," ") | K63: =IF(B63=0,VLOOKUP(A63,Feuil2!$A$2:$M$1241,10,FALSE)," ") | O63: =IF(B63=0,VLOOKUP(A63,Feuil2!$A$2:$M$1241,13,FALSE)," ")
A64: 552 | B64: 3 | C64: ACHOUR | D64: MOHAMED | E64: 37758 | F64: H | G64: =IF(B64=0,VLOOKUP(A64,Feuil2!$A$2:$M$1241,11,FALSE)," ") | H64: C | I64: =IF(B64=0,VLOOKUP(A64,Feuil2!$A$2:$M$1241,7,FALSE)," ") | J64: =IF(B64=0,VLOOKUP(A64,Feuil2!$A$2:$M$1241,9,FALSE)," ") | K64: =IF(B64=0,VLOOKUP(A64,Feuil2!$A$2:$M$1241,10,FALSE)," ") | O64: =IF(B64=0,VLOOKUP(A64,Feuil2!$A$2:$M$1241,13,FALSE)," ")
A65: 552 | B65: 4 | C65: ACHOUR | D65: DOAA | E65: 38158 | F65: F | G65: =IF(B65=0,VLOOKUP(A65,Feuil2!$A$2:$M$1241,11,FALSE)," ") | H65: C | I65: =IF(B65=0,VLOOKUP(A65,Feuil2!$A$2:$M$1241,7,FALSE)," ") | J65: =IF(B65=0,VLOOKUP(A65,Feuil2!$A$2:$M$1241,9,FALSE)," ") | K65: =IF(B65=0,VLOOKUP(A65,Feuil2!$A$2:$M$1241,10,FALSE)," ") | O65: =IF(B65=0,VLOOKUP(A65,Feuil2!$A$2:$M$1241,13,FALSE)," ")
A66: 552 | B66: 5 | C66: ACHOUR | D66: ASMA | E66: 38734 | F66: F | G66: =IF(B66=0,VLOOKUP(A66,Feuil2!$A$2:$M$1241,11,FALSE)," ") | H66: C | I66: =IF(B66=0,VLOOKUP(A66,Feuil2!$A$2:$M$1241,7,FALSE)," ") | J66: =IF(B66=0,VLOOKUP(A66,Feuil2!$A$2:$M$1241,9,FALSE)," ") | K66: =IF(B66=0,VLOOKUP(A66,Feuil2!$A$2:$M$1241,10,FALSE)," ") | O66: =IF(B66=0,VLOOKUP(A66,Feuil2!$A$2:$M$1241,13,FALSE)," ")
A67: 590 | B67: 0 | C67: =IF(B67=0,VLOOKUP(A67,Feuil2!$A$2:$M$1241,2,FALSE)," ") -> KHALFALLAH | D67: =IF(B67=0,VLOOKUP(A67,Feuil2!$A$2:$M$1241,3,FALSE)," ") -> ABDELAZIZ | E67: =IF(B67=0,VLOOKUP(A67,Feuil2!$A$2:$M$1241,6,FALSE)," ") -> 23999 | F67: =IF(B67=0,VLOOKUP(A67,Feuil2!$A$2:$M$1241,12,FALSE)," ") -> H | G67: =IF(B67=0,VLOOKUP(A67,Feuil2!$A$2:$M$1241,11,FALSE)," ") -> M | H67: C | I67: =IF(B67=0,VLOOKUP(A67,Feuil2!$A$2:$M$1241,7,FALSE)," ") -> 2966622 | J67: =IF(B67=0,VLOOKUP(A67,Feuil2!$A$2:$M$1241,9,FALSE)," ") -> 172 R Elmalek FayÃ§al | K67: =IF(B67=0,VLOOKUP(A67,Feuil2!$A$2:$M$1241,10,FALSE)," ") -> Msaken 4070 | L67: 4070 | M67: 26834154 | O67: =IF(B67=0,VLOOKUP(A67,Feuil2!$A$2:$M$1241,13,FALSE)," ") -> 05048000116500489977
A68: 590 | B68: 1 | C68: BEN HASSEN | D68: MONIA | E68: 24437 | F68: F | G68: M | H68: C | I68: =IF(B68=0,VLOOKUP(A68,Feuil2!$A$2:$M$1241,7,FALSE)," ") | J68: =IF(B68=0,VLOOKUP(A68,Feuil2!$A$2:$M$1241,9,FALSE)," ") | K68: =IF(B68=0,VLOOKUP(A68,Feuil2!$A$2:$M$1241,10,FALSE)," ") | O68: =IF(B68=0,VLOOKUP(A68,Feuil2!$A$2:$M$1241,13,FALSE)," ")
A69: 590 | B69: 3 | C69: KHALFALLAH | D69: AHMED | E69: 36202 | F69: =IF(B69=0,VLOOKUP(A69,Feuil2!$A$2:$M$1241,12,FALSE)," ") | G69: =IF(B69=0,VLOOKUP(A69,Feuil2!$A$2:$M$1241,11,FALSE)," ") | H69: C | I69: =IF(B69=0,VLOOKUP(A69,Feuil2!$A$2:$M$1241,7,FALSE)," ") | J69: =IF(B69=0,VLOOKUP(A69,Feuil2!$A$2:$M$1241,9,FALSE)," ") | K69: =IF(B69=0,VLOOKUP(A69,Feuil2!$A$2:$M$1241,10,FALSE)," ") | O69: =IF(B69=0,VLOOKUP(A69,Feuil2!$A$2:$M$1241,13,FALSE)," ")
A70: 590 | B70: 4 | C70: KHALFALLAH | D70: OMAR | E70: 36882 | F70: =IF(B70=0,VLOOKUP(A70,Feuil2!$A$2:$M$1241,12,FALSE)," ") | G70: =IF(B70=0,VLOOKUP(A70,Feuil2!$A$2:$M$1241,11,FALSE)," ") | H70: C | I70: =IF(B70=0,VLOOKUP(A70,Feuil2!$A$2:$M$1241,7,FALSE)," ") | J70: =IF(B70=0,VLOOKUP(A70,Feuil2!$A$2:$M$1241,9,FALSE)," ") | K70: =IF(B70=0,VLOOKUP(A70,Feuil2!$A$2:$M$1241,10,FALSE)," ") | O70: =IF(B70=0,VLOOKUP(A70,Feuil2!$A$2:$M$1241,13,FALSE)," ")
A71: 590 | B71: 5 | C71: KHALFALLAH | D71: SALMA | E71: 37976 | F71: =IF(B71=0,VLOOKUP(A71,Feuil2!$A$2:$M$1241,12,FALSE)," ") | G71: =IF(B71=0,VLOOKUP(A71,Feuil2!$A$2:$M$1241,11,FALSE)," ") | H71: C | I71: =IF(B71=0,VLOOKUP(A71,Feuil2!$A$2:$M$1241,7,FALSE)," ") | J71: =IF(B71=0,VLOOKUP(A71,Feuil2!$A$2:$M$1241,9,FALSE)," ") | K71: =IF(B71=0,VLOOKUP(A71,Feuil2!$A$2:$M$1241,10,FALSE)," ") | O71: =IF(B71=0,VLOOKUP(A71,Feuil2!$A$2:$M$1241,13,FALSE)," ")
A72: 599 | B72: 0 | C72: =IF(B72=0,VLOOKUP(A72,Feuil2!$A$2:$M$1241,2,FALSE)," ") -> LOGHMARI | D72: =IF(B72=0,VLOOKUP(A72,Feuil2!$A$2:$M$1241,3,FALSE)," ") -> MOHAMED | E72: =IF(B72=0,VLOOKUP(A72,Feuil2!$A$2:$M$1241,6,FALSE)," ") -> 24432 | F72: =IF(B72=0,VLOOKUP(A72,Feuil2!$A$2:$M$1241,12,FALSE)," ") -> H | G72: =IF(B72=0,VLOOKUP(A72,Feuil2!$A$2:$M$1241,11,FALSE)," ") -> M | H72: C | I72: =IF(B72=0,VLOOKUP(A72,Feuil2!$A$2:$M$1241,7,FALSE)," ") -> 2988440 | J72: =IF(B72=0,VLOOKUP(A72,Feuil2!$A$2:$M$1241,9,FALSE)," ") -> 23 RUE ETIHAD | K72: =IF(B72=0,VLOOKUP(A72,Feuil2!$A$2:$M$1241,10,FALSE)," ") -> Msaken 4070 | L72: 4070 | M72: 97479787 | O72: 11020002198605078841 | P72: PARTANT
A73: 599 | B73: 1 | C73: LADHARI | D73: FAOUZIA | E73: 26112 | F73: F | G73: M | H73: C | I73: =IF(B73=0,VLOOKUP(A73,Feuil2!$A$2:$M$1241,7,FALSE)," ") | J73: =IF(B73=0,VLOOKUP(A73,Feuil2!$A$2:$M$1241,9,FALSE)," ") | K73: =IF(B73=0,VLOOKUP(A73,Feuil2!$A$2:$M$1241,10,FALSE)," ") | O73: =IF(B73=0,VLOOKUP(A73,Feuil2!$A$2:$M$1241,13,FALSE)," ")
A74: 599 | B74: 2 | C74: LOGHMARI | D74: EMNA | E74: 35692 | F74: F | G74: =IF(B74=0,VLOOKUP(A74,Feuil2!$A$2:$M$1241,11,FALSE)," ") | H74: C | I74: =IF(B74=0,VLOOKUP(A74,Feuil2!$A$2:$M$1241,7,FALSE)," ") | J74: =IF(B74=0,VLOOKUP(A74,Feuil2!$A$2:$M$1241,9,FALSE)," ") | K74: =IF(B74=0,VLOOKUP(A74,Feuil2!$A$2:$M$1241,10,FALSE)," ") | O74: =IF(B74=0,VLOOKUP(A74,Feuil2!$A$2:$M$1241,13,FALSE)," ")
A75: 599 | B75: 3 | C75: LOGHMARI | D75: AYA | E75: 38394 | F75: F | G75: =IF(B75=0,VLOOKUP(A75,Feuil2!$A$2:$M$1241,11,FALSE)," ") | H75: C | I75: =IF(B75=0,VLOOKUP(A75,Feuil2!$A$2:$M$1241,7,FALSE)," ") | J75: =IF(B75=0,VLOOKUP(A75,Feuil2!$A$2:$M$1241,9,FALSE)," ") | K75: =IF(B75=0,VLOOKUP(A75,Feuil2!$A$2:$M$1241,10,FALSE)," ") | O75: =IF(B75=0,VLOOKUP(A75,Feuil2!$A$2:$M$1241,13,FALSE)," ")
A76: 599 | B76: 4 | C76: LOGHMARI | D76: ISMAIEL | E76: 38394 | F76: H | G76: =IF(B76=0,VLOOKUP(A76,Feuil2!$A$2:$M$1241,11,FALSE)," ") | H76: C | I76: =IF(B76=0,VLOOKUP(A76,Feuil2!$A$2:$M$1241,7,FALSE)," ") | J76: =IF(B76=0,VLOOKUP(A76,Feuil2!$A$2:$M$1241,9,FALSE)," ") | K76: =IF(B76=0,VLOOKUP(A76,Feuil2!$A$2:$M$1241,10,FALSE)," ") | O76: =IF(B76=0,VLOOKUP(A76,Feuil2!$A$2:$M$1241,13,FALSE)," ")
A77: 599 | B77: 5 | C77: LOGHMARI | D77: AYOUB | E77: 39780 | F77: H | G77: =IF(B77=0,VLOOKUP(A77,Feuil2!$A$2:$M$1241,11,FALSE)," ") | H77: C | I77: =IF(B77=0,VLOOKUP(A77,Feuil2!$A$2:$M$1241,7,FALSE)," ") | J77: =IF(B77=0,VLOOKUP(A77,Feuil2!$A$2:$M$1241,9,FALSE)," ") | K77: =IF(B77=0,VLOOKUP(A77,Feuil2!$A$2:$M$1241,10,FALSE)," ") | O77: =IF(B77=0,VLOOKUP(A77,Feuil2!$A$2:$M$1241,13,FALSE)," ")
A78: 606 | B78: 0 | C78: =IF(B78=0,VLOOKUP(A78,Feuil2!$A$2:$M$1241,2,FALSE)," ") -> MABROUK | D78: =IF(B78=0,VLOOKUP(A78,Feuil2!$A$2:$M$1241,3,FALSE)," ") -> FREDJ | E78: =IF(B78=0,VLOOKUP(A78,Feuil2!$A$2:$M$1241,6,FALSE)," ") -> 23084 | F78: =IF(B78=0,VLOOKUP(A78,Feuil2!$A$2:$M$1241,12,FALSE)," ") -> H | G78: =IF(B78=0,VLOOKUP(A78,Feuil2!$A$2:$M$1241,11,FALSE)," ") -> M | H78: C | I78: =IF(B78=0,VLOOKUP(A78,Feuil2!$A$2:$M$1241,7,FALSE)," ") -> 2945471 | J78: =IF(B78=0,VLOOKUP(A78,Feuil2!$A$2:$M$1241,9,FALSE)," ") -> Rue Abou Zamaa Elbelaoui | K78: =IF(B78=0,VLOOKUP(A78,Feuil2!$A$2:$M$1241,10,FALSE)," ") -> Msaken 4070 | L78: 4070 | M78: 97122332 | O78: =IF(B78=0,VLOOKUP(A78,Feuil2!$A$2:$M$1241,13,FALSE)," ") -> 10506040511727378881
A79: 606 | B79: 1 | C79: JARRAR | D79: AFEF | E79: 27779 | F79: F | G79: M | H79: C | I79: =IF(B79=0,VLOOKUP(A79,Feuil2!$A$2:$M$1241,7,FALSE)," ") | J79: =IF(B79=0,VLOOKUP(A79,Feuil2!$A$2:$M$1241,9,FALSE)," ") | K79: =IF(B79=0,VLOOKUP(A79,Feuil2!$A$2:$M$1241,10,FALSE)," ") | O79: =IF(B79=0,VLOOKUP(A79,Feuil2!$A$2:$M$1241,13,FALSE)," ")
A80: 606 | B80: 2 | C80: MABROUK | D80: MAHA | E80: 36031 | F80: F | G80: =IF(B80=0,VLOOKUP(A80,Feuil2!$A$2:$M$1241,11,FALSE)," ") | H80: C | I80: =IF(B80=0,VLOOKUP(A80,Feuil2!$A$2:$M$1241,7,FALSE)," ") | J80: =IF(B80=0,VLOOKUP(A80,Feuil2!$A$2:$M$1241,9,FALSE)," ") | K80: =IF(B80=0,VLOOKUP(A80,Feuil2!$A$2:$M$1241,10,FALSE)," ") | O80: =IF(B80=0,VLOOKUP(A80,Feuil2!$A$2:$M$1241,13,FALSE)," ")
A81: 606 | B81: 3 | C81: MABROUK | D81: WASSIM | E81: 36506 | F81: H | G81: =IF(B81=0,VLOOKUP(A81,Feuil2!$A$2:$M$1241,11,FALSE)," ") | H81: C | I81: =IF(B81=0,VLOOKUP(A81,Feuil2!$A$2:$M$1241,7,FALSE)," ") | J81: =IF(B81=0,VLOOKUP(A81,Feuil2!$A$2:$M$1241,9,FALSE)," ") | K81: =IF(B81=0,VLOOKUP(A81,Feuil2!$A$2:$M$1241,10,FALSE)," ") | O81: =IF(B81=0,VLOOKUP(A81,Feuil2!$A$2:$M$1241,13,FALSE)," ")
A82: 606 | B82: 4 | C82: MABROUK | D82: AHLAM | E82: 37450 | F82: F | G82: =IF(B82=0,VLOOKUP(A82,Feuil2!$A$2:$M$1241,11,FALSE)," ") | H82: C | I82: =IF(B82=0,VLOOKUP(A82,Feuil2!$A$2:$M$1241,7,FALSE)," ") | J82: =IF(B82=0,VLOOKUP(A82,Feuil2!$A$2:$M$1241,9,FALSE)," ") | K82: =IF(B82=0,VLOOKUP(A82,Feuil2!$A$2:$M$1241,10,FALSE)," ") | O82: =IF(B82=0,VLOOKUP(A82,Feuil2!$A$2:$M$1241,13,FALSE)," ")
A83: 606 | B83: 5 | C83: MABROUK | D83: TAHA | E83: 40477 | F83: H | G83: =IF(B83=0,VLOOKUP(A83,Feuil2!$A$2:$M$1241,11,FALSE)," ") | H83: C | I83: =IF(B83=0,VLOOKUP(A83,Feuil2!$A$2:$M$1241,7,FALSE)," ") | J83: =IF(B83=0,VLOOKUP(A83,Feuil2!$A$2:$M$1241,9,FALSE)," ") | K83: =IF(B83=0,VLOOKUP(A83,Feuil2!$A$2:$M$1241,10,FALSE)," ") | O83: =IF(B83=0,VLOOKUP(A83,Feuil2!$A$2:$M$1241,13,FALSE)," ")
A84: 645 | B84: 0 | C84: =IF(B84=0,VLOOKUP(A84,Feuil2!$A$2:$M$1241,2,FALSE)," ") -> MALLEH | D84: =IF(B84=0,VLOOKUP(A84,Feuil2!$A$2:$M$1241,3,FALSE)," ") -> HATEM | E84: =IF(B84=0,VLOOKUP(A84,Feuil2!$A$2:$M$1241,6,FALSE)," ") -> 24447 | F84: =IF(B84=0,VLOOKUP(A84,Feuil2!$A$2:$M$1241,12,FALSE)," ") -> H | G84: =IF(B84=0,VLOOKUP(A84,Feuil2!$A$2:$M$1241,11,FALSE)," ") -> M | H84: C | I84: =IF(B84=0,VLOOKUP(A84,Feuil2!$A$2:$M$1241,7,FALSE)," ") -> 2991373 | J84: =IF(B84=0,VLOOKUP(A84,Feuil2!$A$2:$M$1241,9,FALSE)," ") -> 14 Rue Tarek Ibn Zied | K84: =IF(B84=0,VLOOKUP(A84,Feuil2!$A$2:$M$1241,10,FALSE)," ") -> Moureddine | M84: 98793638 | O84: =IF(B84=0,VLOOKUP(A84,Feuil2!$A$2:$M$1241,13,FALSE)," ") -> 03508056010100104893
A85: 645 | B85: 1 | C85: HOUIMEL | D85: RAJA | E85: 25894 | F85: F | G85: M | H85: C | I85: =IF(B85=0,VLOOKUP(A85,Feuil2!$A$2:$M$1241,7,FALSE)," ") | J85: =IF(B85=0,VLOOKUP(A85,Feuil2!$A$2:$M$1241,9,FALSE)," ") | K85: =IF(B85=0,VLOOKUP(A85,Feuil2!$A$2:$M$1241,10,FALSE)," ") | O85: =IF(B85=0,VLOOKUP(A85,Feuil2!$A$2:$M$1241,13,FALSE)," ")
A86: 645 | B86: 2 | C86: MALLEH | D86: RAHMA | E86: 35378 | F86: F | G86: =IF(B86=0,VLOOKUP(A86,Feuil2!$A$2:$M$1241,11,FALSE)," ") | H86: C | I86: =IF(B86=0,VLOOKUP(A86,Feuil2!$A$2:$M$1241,7,FALSE)," ") | J86: =IF(B86=0,VLOOKUP(A86,Feuil2!$A$2:$M$1241,9,FALSE)," ") | K86: =IF(B86=0,VLOOKUP(A86,Feuil2!$A$2:$M$1241,10,FALSE)," ") | O86: =IF(B86=0,VLOOKUP(A86,Feuil2!$A$2:$M$1241,13,FALSE)," ")
A87: 645 | B87: 3 | C87: MALLEH | D87: GHOFRANE | E87: 36759 | F87: F | G87: =IF(B87=0,VLOOKUP(A87,Feuil2!$A$2:$M$1241,11,FALSE)," ") | H87: C | I87: =IF(B87=0,VLOOKUP(A87,Feuil2!$A$2:$M$1241,7,FALSE)," ") | J87: =IF(B87=0,VLOOKUP(A87,Feuil2!$A$2:$M$1241,9,FALSE)," ") | K87: =IF(B87=0,VLOOKUP(A87,Feuil2!$A$2:$M$1241,10,FALSE)," ") | O87: =IF(B87=0,VLOOKUP(A87,Feuil2!$A$2:$M$1241,13,FALSE)," ")
A88: 645 | B88: 4 | C88: MALLEH | D88: DORRA | E88: 38305 | F88: F | G88: =IF(B88=0,VLOOKUP(A88,Feuil2!$A$2:$M$1241,11,FALSE)," ") | H88: C | I88: =IF(B88=0,VLOOKUP(A88,Feuil2!$A$2:$M$1241,7,FALSE)," ") | J88: =IF(B88=0,VLOOKUP(A88,Feuil2!$A$2:$M$1241,9,FALSE)," ") | K88: =IF(B88=0,VLOOKUP(A88,Feuil2!$A$2:$M$1241,10,FALSE)," ") | O88: =IF(B88=0,VLOOKUP(A88,Feuil2!$A$2:$M$1241,13,FALSE)," ")
A89: 647 | B89: 0 | C89: =IF(B89=0,VLOOKUP(A89,Feuil2!$A$2:$M$1241,2,FALSE)," ") -> KHALIFA | D89: =IF(B89=0,VLOOKUP(A89,Feuil2!$A$2:$M$1241,3,FALSE)," ") -> NACEUR | E89: =IF(B89=0,VLOOKUP(A89,Feuil2!$A$2:$M$1241,6,FALSE)," ") -> 24227 | F89: =IF(B89=0,VLOOKUP(A89,Feuil2!$A$2:$M$1241,12,FALSE)," ") -> H | G89: =IF(B89=0,VLOOKUP(A89,Feuil2!$A$2:$M$1241,11,FALSE)," ") -> M | H89: C | I89: =IF(B89=0,VLOOKUP(A89,Feuil2!$A$2:$M$1241,7,FALSE)," ") -> 2970559 | J89: =IF(B89=0,VLOOKUP(A89,Feuil2!$A$2:$M$1241,9,FALSE)," ") -> 10 Rue BÃ©chir Sfar | K89: =IF(B89=0,VLOOKUP(A89,Feuil2!$A$2:$M$1241,10,FALSE)," ") -> Msaken 4070 | L89: 4070 | M89: 29151455 | O89: =IF(B89=0,VLOOKUP(A89,Feuil2!$A$2:$M$1241,13,FALSE)," ") -> 12505000580102810340
A90: 647 | B90: 1 | C90: KHALIFA | D90: FATMA | E90: 27525 | F90: F | G90: M | H90: C | I90: =IF(B90=0,VLOOKUP(A90,Feuil2!$A$2:$M$1241,7,FALSE)," ") | J90: =IF(B90=0,VLOOKUP(A90,Feuil2!$A$2:$M$1241,9,FALSE)," ") | K90: =IF(B90=0,VLOOKUP(A90,Feuil2!$A$2:$M$1241,10,FALSE)," ") | O90: =IF(B90=0,VLOOKUP(A90,Feuil2!$A$2:$M$1241,13,FALSE)," ")
A91: 647 | B91: 2 | C91: KHALIFA | D91: SANA | E91: 36248 | F91: F | G91: =IF(B91=0,VLOOKUP(A91,Feuil2!$A$2:$M$1241,11,FALSE)," ") | H91: C | I91: =IF(B91=0,VLOOKUP(A91,Feuil2!$A$2:$M$1241,7,FALSE)," ") | J91: =IF(B91=0,VLOOKUP(A91,Feuil2!$A$2:$M$1241,9,FALSE)," ") | K91: =IF(B91=0,VLOOKUP(A91,Feuil2!$A$2:$M$1241,10,FALSE)," ") | O91: =IF(B91=0,VLOOKUP(A91,Feuil2!$A$2:$M$1241,13,FALSE)," ")
A92: 647 | B92: 3 | C92: KHALIFA | D92: MOHAMED ALI | E92: 37941 | F92: H | G92: =IF(B92=0,VLOOKUP(A92,Feuil2!$A$2:$M$1241,11,FALSE)," ") | H92: C | I92: =IF(B92=0,VLOOKUP(A92,Feuil2!$A$2:$M$1241,7,FALSE)," ") | J92: =IF(B92=0,VLOOKUP(A92,Feuil2!$A$2:$M$1241,9,FALSE)," ") | K92: =IF(B92=0,VLOOKUP(A92,Feuil2!$A$2:$M$1241,10,FALSE)," ") | O92: =IF(B92=0,VLOOKUP(A92,Feuil2!$A$2:$M$1241,13,FALSE)," ")
A93: 647 | B93: 4 | C93: KHALIFA | D93: HAMZA | E93: 39796 | F93: H | G93: =IF(B93=0,VLOOKUP(A93,Feuil2!$A$2:$M$1241,11,FALSE)," ") | H93: C | I93: =IF(B93=0,VLOOKUP(A93,Feuil2!$A$2:$M$1241,7,FALSE)," ") | J93: =IF(B93=0,VLOOKUP(A93,Feuil2!$A$2:$M$1241,9,FALSE)," ") | K93: =IF(B93=0,VLOOKUP(A93,Feuil2!$A$2:$M$1241,10,FALSE)," ") | O93: =IF(B93=0,VLOOKUP(A93,Feuil2!$A$2:$M$1241,13,FALSE)," ")
A94: 647 | B94: 5 | C94: KHALIFA | D94: HIBA | E94: 40416 | F94: F | G94: =IF(B94=0,VLOOKUP(A94,Feuil2!$A$2:$M$1241,11,FALSE)," ") | H94: C | I94: =IF(B94=0,VLOOKUP(A94,Feuil2!$A$2:$M$1241,7,FALSE)," ") | J94: =IF(B94=0,VLOOKUP(A94,Feuil2!$A$2:$M$1241,9,FALSE)," ") | K94: =IF(B94=0,VLOOKUP(A94,Feuil2!$A$2:$M$1241,10,FALSE)," ") | O94: =IF(B94=0,VLOOKUP(A94,Feuil2!$A$2:$M$1241,13,FALSE)," ")
A95: 648 | B95: 0 | C95: =IF(B95=0,VLOOKUP(A95,Feuil2!$A$2:$M$1241,2,FALSE)," ") -> MANSOUR | D95: =IF(B95=0,VLOOKUP(A95,Feuil2!$A$2:$M$1241,3,FALSE)," ") -> ABDELMEJID | E95: =IF(B95=0,VLOOKUP(A95,Feuil2!$A$2:$M$1241,6,FALSE)," ") -> 25362 | F95: =IF(B95=0,VLOOKUP(A95,Feuil2!$A$2:$M$1241,12,FALSE)," ") -> H | G95: =IF(B95=0,VLOOKUP(A95,Feuil2!$A$2:$M$1241,11,FALSE)," ") -> M | H95: C | I95: =IF(B95=0,VLOOKUP(A95,Feuil2!$A$2:$M$1241,7,FALSE)," ") -> 2993666 | J95: =IF(B95=0,VLOOKUP(A95,Feuil2!$A$2:$M$1241,9,FALSE)," ") -> 4015 Beni Rabiaa | K95: =IF(B95=0,VLOOKUP(A95,Feuil2!$A$2:$M$1241,10,FALSE)," ") -> BÃ©ni Rabiaa 4015 | M95: 98793710 | O95: =IF(B95=0,VLOOKUP(A95,Feuil2!$A$2:$M$1241,13,FALSE)," ") -> 12505000580101845093 | P95: PARTANT
A96: 648 | B96: 1 | C96: CHIKH | D96: HAYET | E96: 25872 | F96: F | G96: M | H96: C | I96: =IF(B96=0,VLOOKUP(A96,Feuil2!$A$2:$M$1241,7,FALSE)," ") | J96: =IF(B96=0,VLOOKUP(A96,Feuil2!$A$2:$M$1241,9,FALSE)," ") | K96: =IF(B96=0,VLOOKUP(A96,Feuil2!$A$2:$M$1241,10,FALSE)," ") | O96: =IF(B96=0,VLOOKUP(A96,Feuil2!$A$2:$M$1241,13,FALSE)," ")
A97: 648 | B97: 2 | C97: MANSOUR | D97: HACHMI | E97: 36600 | F97: H | G97: =IF(B97=0,VLOOKUP(A97,Feuil2!$A$2:$M$1241,11,FALSE)," ") | H97: C | I97: =IF(B97=0,VLOOKUP(A97,Feuil2!$A$2:$M$1241,7,FALSE)," ") | J97: =IF(B97=0,VLOOKUP(A97,Feuil2!$A$2:$M$1241,9,FALSE)," ") | K97: =IF(B97=0,VLOOKUP(A97,Feuil2!$A$2:$M$1241,10,FALSE)," ") | O97: =IF(B97=0,VLOOKUP(A97,Feuil2!$A$2:$M$1241,13,FALSE)," ")
A98: 648 | B98: 3 | C98: MANSOUR | D98: HADIL | E98: 37097 | F98: F | G98: =IF(B98=0,VLOOKUP(A98,Feuil2!$A$2:$M$1241,11,FALSE)," ") | H98: C | I98: =IF(B98=0,VLOOKUP(A98,Feuil2!$A$2:$M$1241,7,FALSE)," ") | J98: =IF(B98=0,VLOOKUP(A98,Feuil2!$A$2:$M$1241,9,FALSE)," ") | K98: =IF(B98=0,VLOOKUP(A98,Feuil2!$A$2:$M$1241,10,FALSE)," ") | O98: =IF(B98=0,VLOOKUP(A98,Feuil2!$A$2:$M$1241,13,FALSE)," ")
A99: 648 | B99: 4 | C99: MANSOUR | D99: HANINE | E99: 37911 | F99: F | G99: =IF(B99=0,VLOOKUP(A99,Feuil2!$A$2:$M$1241,11,FALSE)," ") | H99: C | I99: =IF(B99=0,VLOOKUP(A99,Feuil2!$A$2:$M$1241,7,FALSE)," ") | J99: =IF(B99=0,VLOOKUP(A99,Feuil2!$A$2:$M$1241,9,FALSE)," ") | K99: =IF(B99=0,VLOOKUP(A99,Feuil2!$A$2:$M$1241,10,FALSE)," ") | O99: =IF(B99=0,VLOOKUP(A99,Feuil2!$A$2:$M$1241,13,FALSE)," ")
A100: 648 | B100: 5 | C100: MANSOUR | D100: HOUDA | E100: 38867 | F100: F | G100: =IF(B100=0,VLOOKUP(A100,Feuil2!$A$2:$M$1241,11,FALSE)," ") | H100: C | I100: =IF(B100=0,VLOOKUP(A100,Feuil2!$A$2:$M$1241,7,FALSE)," ") | J100: =IF(B100=0,VLOOKUP(A100,Feuil2!$A$2:$M$1241,9,FALSE)," ") | K100: =IF(B100=0,VLOOKUP(A100,Feuil2!$A$2:$M$1241,10,FALSE)," ") | O100: =IF(B100=0,VLOOKUP(A100,Feuil2!$A$2:$M$1241,13,FALSE)," ")
...
